Municipality Name,Contact Name,Total Number of Households,Households Served by Municipal Trash Program,Households Served by Municipal Recycling Program,Trash Service Type,Carts for Trash,Trash Cart size,Recycling Service Type,Recycling Collection Frequency,SS Recycling,Carts for Recycling,Recycling Cart Size,Municipal Buildings Trash and Recycling Service,School Trash and Recycling Service,Business Trash and Recycling Service,Non-resident Trash and Recycling Service,Solid Waste program funded by property tax?,Solid Waste program funded by annual fee?,Solid Waste program funded by transfer station access fee?,Solid Waste program funded by per-visit fee?,Solid Waste program funded by PAYT/ SMART revenue?,What is the annual fee?,What is the transfer station access fee?,What is the per-visit fee?,PAYT/ SMART,Enforced Trash Limits at Curb,Maximum # bags/ barrels per week,Barrel size in gallons (eg 32 64 etc),Trash Enforced by Muni,Trash Enforced by Hauler,Dedicated Trash Enforcement Personnel,Enforced Mandatory Recycling,Applies to Residential Generators Eligible to be Served by Municipal Program,Applies to Residential Generators not Eligible to be Served by the Municipal Program,Applies to Commercial Generators,Recycling Enforced by Muni,Recycling Enforced by Hauler,Dedicated Mandatory Recycling Enforcement Personnel,# Hours Enforcement Personnel on Street,Private Hauler regulations that require recycling,Applies to Haulers Serving Residential Generators Eligible to be Served by Municipal Program,Applies to Haulers Serving Residential Generators Not Eligible to be Served by Municipal Program,Applies to Commercial Generators.1,Trash Disposal Tonnage,Does trash disposal tonnage include bulky waste?,Bulky waste tonnage,Fee for bulky waste?,"Annual Bulky 
Waste 
Limit",Tip Fee as of 1/1/2020,Tons Single Stream Recyclables,Newspaper,Cardboard,Mixed Paper,Commingled
Abington,Angela Dahlstrom,6558.0,4486.0,4486.0,Curbside,Yes,64.0,Curbside,Weekly,Yes,Yes,64.0,Both,Both,Neither,Neither,Yes,,,,,,,,,Yes,1.0,64.0,Yes,Yes,Yes,Yes,Yes,,,Yes,Yes,Yes,20.0,Yes,Yes,Yes,Yes,3826.66,Yes,,Yes,,86.5,1413.42,,,,
Acton,Corey York,9800.0,3846.0,4335.0,Drop-off,,,Drop-off,,,,,Both,Neither,Neither,Both,,,Yes,Yes,Yes,,100.0,30.0,Yes,,,,,,,Yes,Yes,Yes,Yes,Yes,,No,,,,,,2148.67,Yes,,Yes,,57.16,,,,683.04,407.27
Acushnet,Dan Menard,4304.0,3591.0,3591.0,Curbside,Yes,65.0,Both,Bi-weekly,Yes,Yes,96.0,Both,Both,Neither,Neither,Yes,,,,,,,,,Yes,1.0,65.0,Yes,Yes,No,Yes,Yes,,,Yes,Yes,No,,Yes,Yes,,,3405.38,No,41.0,Yes,,64.6,879.5,3.7,20.0,16.94,27.4
Adams,Linda Cernik,3867.0,664.0,664.0,Drop-off,,,Drop-off,,,,,Both,Neither,Recycling,Neither,Yes,,Yes,,Yes,,50.0,,Yes,,,,,,,Yes,Yes,,Yes,Yes,Yes,No,,Yes,Yes,,Yes,130.04,No,4.43,Yes,,110.0,,,,94.13,45.48
Agawam,Tracy DeMaio,12031.0,8879.0,8879.0,Curbside,Yes,65.0,Curbside,Bi-weekly,Yes,Yes,95.0,Both,Both,Neither,Neither,Yes,,,,,,,,,Yes,1.0,65.0,,Yes,,No,Yes,,,,,,,,,,,6442.0,No,275.17,Yes,30.0,74.0,2238.0,,,,
Amesbury,Robert Desmarais,5828.0,5767.0,5767.0,Curbside,,,Curbside,Bi-weekly,Yes,Yes,64.0,Both,Both,Neither,Neither,Yes,,,,,,,,,,,,,,,No,Yes,,,,,,,,,,,4631.86,Yes,,Yes,,68.7,1807.02,,,,
Amherst,SteveTelega,9477.0,1851.0,1851.0,Drop-off,,,Drop-off,,,,,Both,Both,Both,Both,,,Yes,,Yes,,100.0,,Yes,,,,,,,Yes,Yes,Yes,Yes,Yes,Yes,No,,Yes,Yes,Yes,Yes,1424.49,Yes,,Yes,,83.0,,,,345.25,129.75
Andover,Sandra Gerraughty,10886.0,8992.0,8992.0,Curbside,,,Curbside,Bi-weekly,Yes,,,Both,Both,Neither,Neither,Yes,,,,,,,,,,,,,,,,,,,,,,,,,,,9899.95,Yes,,No,,72.5,2984.42,,,,
Aquinnah,Donald Hatch,406.0,230.0,230.0,Drop-off,,,Drop-off,,Yes,,,Both,Neither,Neither,Both,,,,,Yes,,,,Yes,,,,,,,Yes,Yes,,,Yes,,No,,,,,,94.0,No,0.0,,,168.0,72.0,,,,
Arlington,Charlotte Milan,20311.0,20311.0,20311.0,Curbside,,,Curbside,Weekly,Yes,,,Both,Both,Both,Neither,Yes,,,,Yes,,,,,Yes,3.0,32.0,Yes,Yes,No,Yes,Yes,,,Yes,Yes,No,,,,,,12090.0,Yes,,Yes,52.0,67.84,4964.0,,,,
Ashby,Brendan McNeil,1144.0,230.0,230.0,Drop-off,,,Drop-off,,,,,Both,Neither,Both,Neither,,,,,Yes,,,,Yes,,,,,,,,,,,,,,,Yes,Yes,Yes,,88.78,Yes,,Yes,,120.0,,,,27.63,21.08
Ashfield,Kathleen A. Casey,716.0,424.0,424.0,Drop-off,,,Drop-off,,,,,Both,Recycling,Both,Both,,Yes,,,Yes,40.0,,,Yes,,,,,,,Yes,Yes,Yes,Yes,Yes,,No,,,,,,291.54,No,56.89,Yes,,88.0,,,,98.74,75.58
Ashland,David S. Miller,6311.0,5941.0,5941.0,Curbside,,,Curbside,Weekly,Yes,Yes,95.0,Both,Both,Neither,Neither,Yes,Yes,,,Yes,146.0,,,Yes,,,,,,,,,,,,,,,,,,,2893.57,Yes,,No,12.0,73.23,1781.41,,,,
Athol,Duane Truehart,4670.0,1094.0,1094.0,Drop-off,,,Drop-off,,,,,Recycling,Neither,Both,Both,,,Yes,Yes,Yes,,60.0,20.0,Yes,,,,,,,,,,,,,,,,,,,356.79,No,190.96,Yes,,90.0,,,,228.1,116.6
Attleboro,Jessica Santos,17750.0,14213.0,14213.0,Curbside,,,Curbside,Weekly,Yes,Yes,64.0,Both,Both,Neither,Neither,,Yes,,,,202.68,,,Yes,,,,,,,Yes,Yes,Yes,Yes,Yes,Yes,Yes,19.0,,,,,10186.0,Yes,,No,52.0,73.0,4135.0,,,,
Auburn,Amy Sullivan,7581.0,5134.0,5134.0,Curbside,Yes,64.0,Curbside,Bi-weekly,Yes,Yes,96.0,Both,Both,Neither,Neither,,Yes,,,,241.0,,,,Yes,1.0,64.0,Yes,Yes,Yes,Yes,Yes,,,Yes,,Yes,15.0,,,,,4517.0,No,0.0,,,68.97,1399.45,,,,
Avon,Kathleen Waldron,1445.0,1445.0,1445.0,Curbside,Yes,64.0,Curbside,Bi-weekly,Yes,Yes,96.0,Both,Both,Neither,Neither,Yes,,,,,,,,,,,,,,,,,,,,,,,,,,,1715.91,No,130.56,Yes,40.0,0.0,532.49,,,,
Ayer,Andrew Jackson,3251.0,1188.0,1188.0,Drop-off,,,Drop-off,,Yes,,,Both,Neither,Neither,Neither,Yes,,Yes,Yes,Yes,,95.0,15.0,Yes,,,,,,,,,,,,,,,Yes,Yes,Yes,Yes,772.02,Yes,,Yes,,92.5,260.16,,66.0,,
Barnstable,Patrick Kelliher,25517.0,8600.0,11800.0,Drop-off,,,Drop-off,,,,,Both,Neither,Neither,Neither,,Yes,,Yes,,250.0,,20.0,,,,,,,,,,,,,,,,,,,,8674.74,No,0.0,Yes,,60.71,0.0,49.87,570.0,910.05,578.88
Barre,Andrea Mastrototoro,2290.0,880.0,880.0,Drop-off,,,Drop-off,,,,,Recycling,Neither,Both,Neither,,,,,Yes,,,,Yes,,,,,,,,,,,,,,,,,,,674.43,Yes,,Yes,,,,,,152.9,
Becket,Christopher Bouchard,1779.0,1779.0,1779.0,Drop-off,,,Drop-off,,,,,Both,Neither,Both,Both,Yes,,Yes,,Yes,,50.0,,Yes,,,,,,,Yes,Yes,,Yes,Yes,,No,,,,,,318.44,No,203.15,Yes,,92.0,,,,52.85,52.4
Bedford,Edward McGrath,5120.0,4508.0,4508.0,Curbside,Yes,48.0,Curbside,Weekly,Yes,Yes,64.0,Both,Both,Neither,Neither,Yes,,,,Yes,,,,,,,,,,,,,,,,,,,,,,,3927.9,Yes,,No,52.0,73.04,1368.0,,,,
Belchertown,Steven Williams,7443.0,1818.0,1818.0,Drop-off,,,Drop-off,,,,,Both,Neither,Neither,Neither,,Yes,Yes,Yes,Yes,100.0,100.0,20.0,Yes,,,,,,,Yes,Yes,,,Yes,,Yes,0.0,,,,,1362.0,Yes,,Yes,,77.5,0.0,,,193.11,304.14
Belmont,Mary Beth Calnan,9810.0,9810.0,9810.0,Curbside,Yes,64.0,Curbside,Bi-weekly,Yes,Yes,96.0,Both,Both,Neither,Neither,Yes,,,,,,,,,Yes,1.0,64.0,Yes,Yes,No,Yes,Yes,,,Yes,Yes,No,,,,,,6203.0,Yes,,No,52.0,69.54,2663.4,,25.0,,
Berkley,Robert R. Rose,2835.0,1067.0,1067.0,Drop-off,,,Drop-off,,,,,Both,Neither,Neither,Neither,Yes,Yes,,,,40.0,,,Yes,,,,,,,Yes,Yes,,,Yes,,Yes,0.0,,,,,653.77,Yes,,Yes,,,,,96.0,49.16,140.49
Berlin,Susan Reguera,1256.0,860.0,860.0,Drop-off,,,Drop-off,,,,,Trash,Neither,Neither,Neither,Yes,Yes,,,,135.0,,,,,,,,,,Yes,Yes,,,Yes,,No,,,,,,673.0,Yes,,Yes,,94.0,,36.0,69.0,,89.0
Bernardston,Jan Ameen,799.0,650.0,650.0,Drop-off,,,Drop-off,,,,,Both,Neither,Neither,Both,Yes,,,,Yes,,,,Yes,,,,,,,No,Yes,Yes,,,,,,,,,,319.11,No,71.41,Yes,,79.0,,,,87.65,65.23
Beverly,Kerin Cotter,14000.0,12625.0,12625.0,Curbside,,,Curbside,Weekly,,,,Both,Both,Both,Neither,Yes,Yes,,,Yes,100.0,,,,Yes,2.0,32.0,Yes,Yes,No,No,Yes,,,,,,,,,,,11668.1,Yes,,No,52.0,67.0,,,,1969.1,1612.8
Billerica,Stephen Robertson,15207.0,13567.0,13567.0,Curbside,Yes,64.0,Curbside,Weekly,Yes,Yes,64.0,Both,Both,Neither,Neither,Yes,,,,,,,,,Yes,1.0,64.0,Yes,Yes,No,Yes,Yes,,,Yes,Yes,No,,,,,,12617.0,Yes,,Yes,,71.75,4081.0,,,,
Blandford,Frank Lucia,598.0,300.0,300.0,Drop-off,,,Drop-off,,,,,Both,Neither,Both,Neither,Yes,Yes,,,,85.0,,,,,,,,,,Yes,Yes,,,Yes,Yes,Yes,7.0,,,,,37.49,Yes,,Yes,,,,5.46,29.0,5.71,24.89
Bolton,Leslie Caisse,2130.0,2130.0,2130.0,Drop-off,,,Drop-off,,,,,Both,Both,Both,Neither,Yes,,,,Yes,,,,Yes,,,,,,,,,,,,,,,,,,,683.64,Yes,,Yes,,83.0,6.51,17.39,102.0,85.09,81.53
Boston,Brian Coughlin,310800.0,260000.0,260000.0,Curbside,,,Curbside,Weekly,Yes,Yes,64.0,Both,Recycling,Neither,Neither,Yes,,,,,,,,,,,,,,,,,,,,,,,Yes,,,Yes,188113.0,Yes,,No,,92.0,37050.0,,,,
Bourne,Phil Goddard,8135.0,8135.0,8135.0,Both,Yes,96.0,Both,Weekly,Yes,Yes,96.0,Both,Both,Recycling,Both,,,Yes,,,,30.0,,,Yes,1.0,96.0,,,,Yes,Yes,Yes,Yes,Yes,,No,,,,,,5674.7,No,2148.57,Yes,,,5646.89,,412.0,,
Boxborough,Vicki Rzasa,2015.0,969.0,969.0,Drop-off,,,Drop-off,,Yes,,,Both,Neither,Neither,Neither,Yes,,Yes,,,,150.0,,,,,,,,,,,,,,,,,,,,,710.52,No,0.0,No,,73.0,308.02,,,,
Boxford,Karen Sheridan,2753.0,2591.0,2753.0,Curbside,,,Both,Weekly,Yes,,,Both,Both,Recycling,Recycling,Yes,,,,Yes,,,,Yes,,,,,,,Yes,Yes,Yes,Yes,,Yes,,,,,,,1725.0,No,93.0,Yes,,80.0,990.0,,,,
Braintree,Rosemary Nolan,12300.0,10619.0,10373.0,Both,Yes,64.0,Both,Weekly,Yes,Yes,64.0,Both,Both,Neither,Neither,,Yes,,,,150.0,,,,Yes,1.0,64.0,Yes,Yes,Yes,Yes,Yes,,,Yes,Yes,Yes,30.0,,,,,11442.61,Yes,,No,104.0,24.0,3215.34,,,,
Brewster,Emily Sumner,7300.0,3509.0,3509.0,Drop-off,,,Drop-off,,,,,Both,Neither,Recycling,Both,Yes,Yes,Yes,,Yes,50.0,10.0,,Yes,,,,,,,,,,,,,,,,,,,1130.62,No,515.57,Yes,,67.88,,,,478.55,368.89
Brockton,J. Patrick Sullivan,28200.0,26422.0,26422.0,Curbside,Yes,35.0,Both,Bi-weekly,Yes,Yes,96.0,Both,Recycling,Neither,Neither,,Yes,,,Yes,280.0,,,Yes,,,,,,,,,,,,,,,,,,,25037.0,Yes,,Yes,52.0,,7127.0,,102.0,77.0,28.0
Brookfield,Mike Seery,946.0,580.0,580.0,Drop-off,,,Drop-off,,Yes,,,Both,Neither,Neither,Neither,Yes,Yes,,,Yes,85.0,,,Yes,,,,,,,Yes,Yes,,,Yes,Yes,No,,,,,,496.06,Yes,,Yes,,78.5,127.54,,,,
Brookline,Ed Gilbert,26448.0,13310.0,13310.0,Curbside,Yes,35.0,Curbside,Weekly,Yes,Yes,65.0,Both,Both,Both,Neither,,,,,Yes,,,,Yes,,,,,,,Yes,Yes,Yes,Yes,Yes,Yes,Yes,40.0,Yes,Yes,Yes,Yes,8353.0,Yes,,No,,78.0,4681.0,,,,
Buckland,Jan Ameen,683.0,620.0,620.0,Drop-off,,,Drop-off,,,,,Both,Neither,Neither,Neither,Yes,,,,Yes,,,,Yes,,,,,,,No,Yes,Yes,,,,,,,,,,223.15,No,0.0,,,79.0,,,,59.41,54.93
Burlington,Teresa Keene,7041.0,7023.0,7023.0,Curbside,Yes,64.0,Curbside,Weekly,Yes,Yes,64.0,Both,Both,Neither,Neither,Yes,,,,,,,,,,,,,,,Yes,Yes,,,Yes,Yes,No,,,,,,5513.18,Yes,,Yes,208.0,70.0,2188.9,,,,
Cambridge,Michael Orr,50000.0,32500.0,44700.0,Curbside,,,Curbside,Weekly,Yes,Yes,65.0,Both,Both,Recycling,Neither,Yes,,,,,,,,,,,,,,,Yes,Yes,Yes,Yes,Yes,,Yes,60.0,Yes,Yes,Yes,Yes,12938.0,Yes,,Yes,,102.68,8525.0,,30.0,,21.57
Canton,Joshua Gittings,7459.0,7459.0,7459.0,Curbside,,,Curbside,Bi-weekly,Yes,,,Both,Both,Neither,Neither,Yes,,,,,,,,,Yes,1.0,64.0,,,,,,,,,,,,,,,,6653.22,No,13.55,,,69.89,1882.0,,,,
Carlisle,Timothy Goddard,1600.0,1600.0,1600.0,Drop-off,,,Drop-off,,,,,Both,Both,Both,Neither,Yes,,Yes,,,,25.0,,,,,,,,,,,,,,,,,,,,,1803.48,Yes,,No,,69.54,,,183.0,201.15,189.92
Charlemont,Jan Ameen,471.0,440.0,440.0,Drop-off,,,Drop-off,,,,,Both,Neither,Neither,Neither,Yes,,,,Yes,,,,Yes,,,,,,,No,Yes,,,,,,,,,,,155.93,No,0.0,,,79.0,,,,38.8,33.11
Chatham,Josh Pelletier,3160.0,3160.0,3160.0,Drop-off,,,Drop-off,,Yes,,,Both,Both,Both,Both,Yes,Yes,,Yes,,90.0,,5.0,,,,,,,,Yes,Yes,Yes,Yes,Yes,,No,,Yes,Yes,Yes,Yes,5139.54,Yes,,Yes,,90.0,287.97,68.95,261.0,188.02,280.64
Chelmsford,Melissa Joyce,13693.0,12259.0,12259.0,Curbside,,,Curbside,Bi-weekly,Yes,,,Both,Both,Neither,Neither,Yes,,,,,,,,,,,,,,,,,,,,,,,,,,,10489.03,Yes,,No,,73.04,3104.69,,,,
Cheshire,Linda Cernik,1358.0,835.0,835.0,Drop-off,,,Drop-off,,,,,Both,Neither,Neither,Neither,Yes,,Yes,,Yes,,150.0,,Yes,,,,,,,No,Yes,,Yes,,,,,,,,,446.26,No,144.93,Yes,,110.0,,,,60.21,39.31
Chester,Nicholas Chiusano,620.0,218.0,218.0,Drop-off,,,Drop-off,,,,,Both,Neither,Neither,Neither,Yes,Yes,,,,65.0,,,Yes,,,,,,,Yes,Yes,,,Yes,Yes,Yes,7.0,,,,,157.06,No,48.81,Yes,,88.0,,,24.0,24.15,17.0
Chesterfield,Kathleen A. Casey,551.0,211.0,211.0,Drop-off,,,Drop-off,,,,,Both,Neither,Both,Neither,,Yes,,,Yes,25.0,,,Yes,,,,,,,Yes,Yes,Yes,Yes,Yes,,No,,,,,,127.34,No,19.38,Yes,,88.0,,,,27.13,22.23
Chicopee,Barry Brouillard,24323.0,18869.0,18869.0,Curbside,Yes,35.0,Both,Bi-weekly,Yes,Yes,95.0,Both,Neither,Both,Neither,Yes,,,,Yes,,,,Yes,,,,,,,Yes,Yes,Yes,Yes,Yes,,Yes,19.0,Yes,Yes,Yes,Yes,10523.0,No,0.0,,,75.0,4401.91,,,,
Chilmark,Donald Hatch,1317.0,450.0,450.0,Drop-off,,,Drop-off,,Yes,,,Both,Both,Both,Both,,,,,Yes,,,,Yes,,,,,,,Yes,Yes,,,Yes,,No,,,,,,123.0,No,0.0,,,95.0,55.0,,,,
Clinton,Michael J. Ward,4853.0,4346.0,4346.0,Curbside,,,Both,Bi-weekly,Yes,Yes,96.0,Both,Both,Recycling,Recycling,Yes,Yes,,,,168.0,,,Yes,,,,,,,Yes,Yes,,,Yes,,No,,Yes,Yes,Yes,Yes,2123.97,No,58.68,Yes,,75.32,947.85,,,37.46,11.49
Cohasset,Andria Benn,3433.0,2460.0,2460.0,Drop-off,,,Drop-off,,,,,Both,Recycling,Both,Neither,Yes,Yes,,,Yes,50.0,,,Yes,,,,,,,No,Yes,,,,,,,Yes,Yes,Yes,Yes,1488.0,No,0.0,Yes,,81.37,,,109.0,258.0,175.0
Colrain,Jan Ameen,673.0,645.0,645.0,Drop-off,,,Drop-off,,,,,Both,Neither,Neither,Neither,Yes,,,,Yes,,,,Yes,,,,,,,No,Yes,Yes,,,,,,,,,,229.15,No,31.92,Yes,,79.0,,,,47.89,53.0
Concord,Melissa Simoncini,5500.0,3704.0,3800.0,Curbside,,,Curbside,Weekly,,,,Both,Both,Neither,Neither,,Yes,,,Yes,272.0,,,Yes,,,,,,,,,,,,,,,,,,,2608.53,No,80.04,Yes,,79.0,,,1307.0,965.82,611.3
Conway,Jan Ameen,668.0,648.0,648.0,Drop-off,,,Drop-off,,,,,Both,Neither,Neither,Neither,Yes,,Yes,,,,10.0,,,,,,,,,No,Yes,Yes,,,,,,,,,,440.13,No,79.24,Yes,,79.0,,,,105.13,80.33
Cummington,Kathleen A. Casey,425.0,273.0,273.0,Drop-off,,,Drop-off,,Yes,,,Both,Neither,Both,Neither,,Yes,,,Yes,40.0,,,Yes,,,,,,,Yes,Yes,Yes,Yes,Yes,,No,,Yes,Yes,Yes,Yes,118.15,No,56.87,Yes,,88.0,58.91,,,,
Dalton,Edward Fahey,2290.0,740.0,740.0,Drop-off,,,Drop-off,,,,,Neither,Neither,Neither,Neither,,,Yes,,,,82.09,,Yes,,,,,,,Yes,Yes,,,Yes,,No,,Yes,Yes,Yes,Yes,791.0,No,22.6,No,,,,,,142.93,97.25
Danvers,Gail Garron Bernard,15628.0,7747.0,7747.0,Both,,,Both,Weekly,,,,Both,Both,Neither,Neither,Yes,,,,,,,,,Yes,3.0,45.0,,Yes,,Yes,Yes,,,,Yes,,,,,,,6289.96,Yes,,Yes,,77.25,,,,1232.11,1035.44
Dartmouth,"David T. Hickox, P.E.",11420.0,10084.0,10084.0,Both,,,Both,Weekly,,Yes,64.0,Recycling,Recycling,Recycling,Neither,,Yes,Yes,Yes,Yes,90.0,50.0,10.0,Yes,,,,,,,No,Yes,,,,,,,Yes,Yes,Yes,Yes,5245.31,No,21.3,Yes,,,0.0,0.0,148.0,1291.54,1187.02
Dedham,Virginia LeClair,7884.0,7856.0,7856.0,Curbside,Yes,64.0,Curbside,Bi-weekly,Yes,Yes,96.0,Both,Both,Neither,Neither,Yes,,,,,,,,,,,,,,,Yes,Yes,,,,Yes,,,,,,,6241.26,No,0.0,No,,68.97,2606.85,,,,
Deerfield,Jan Ameen,1749.0,1317.0,1317.0,Drop-off,,,Drop-off,,,,,Both,Neither,Neither,Neither,Yes,,Yes,,Yes,,65.0,,Yes,,,,,,,No,Yes,Yes,,,,,,,,,,520.07,No,101.37,Yes,,,,,,163.73,117.99
Dennis,Chad Contonio,14217.0,7031.0,7031.0,Drop-off,,,Drop-off,,,,,Recycling,Neither,Recycling,Both,,Yes,,Yes,,182.0,,10.0,,,,,,,,,,,,,,,,,,,,3769.0,No,0.0,Yes,,98.0,,,312.0,442.0,167.0
Devens,David Blazon,145.0,0.0,145.0,None,,,Drop-off,,,,,Both,Both,Recycling,Recycling,Yes,,,,,,,,,,,,,,,No,,Yes,Yes,,,,,,,,,79.66,Yes,,,,65.0,,,,44.0,43.2
Dighton,Todd Pilling,2862.0,2762.0,2762.0,Curbside,,,Curbside,Weekly,Yes,,,Both,Neither,Neither,Neither,Yes,,Yes,,Yes,,15.0,,Yes,,,,,,,,,,,,,,,,,,,1622.0,No,247.27,Yes,,74.51,658.6,0.0,5.0,0.0,0.0
Douglas,Kristin Harris,3175.0,1288.0,1288.0,Drop-off,,,Drop-off,,,,,Both,Neither,Neither,Neither,,,Yes,,,,200.0,,,,,,,,,,,,,,,,,Yes,Yes,Yes,,1021.0,No,176.0,Yes,,,,,91.0,25.0,72.0
Dover,Christopher Poulsen,2144.0,1502.0,1502.0,Drop-off,,,Drop-off,,,,,Both,Neither,Neither,Neither,Yes,,,,,,,,,,,,,,,,,,,,,,,,,,,987.0,No,229.0,No,,70.01,,,149.0,140.0,160.0
Dracut,Matt Zettek,12194.0,10600.0,10660.0,Curbside,Yes,64.0,Curbside,Bi-weekly,Yes,Yes,95.0,Both,Both,Neither,Neither,Yes,,,,,,,,,,,,,,,,,,,,,,,,,,,9846.0,Yes,,Yes,52.0,73.04,2832.0,,,,
Dudley,Michelle Jervis,4254.0,873.0,873.0,Drop-off,,,Drop-off,,Yes,,,Both,Neither,Neither,Neither,,,Yes,,,,245.0,,,,,,,,,,,,,,,,,,,,,653.0,Yes,,Yes,,,216.0,,,,
Dunstable,Joan Ferrari,1011.0,277.0,277.0,Curbside,Yes,35.0,Curbside,Weekly,Yes,Yes,64.0,Both,Neither,Neither,Neither,,Yes,,,,300.0,,,Yes,,,,,,,No,Yes,Yes,Yes,,,,,,,,,89.0,No,0.0,Yes,,,73.0,,,,
Duxbury,Liz Mahan,6000.0,5366.0,5366.0,Drop-off,,,Drop-off,,,,,Both,Neither,Both,Both,Yes,Yes,,,Yes,55.0,,,Yes,,,,,,,Yes,Yes,,,Yes,,No,,Yes,Yes,Yes,Yes,2561.0,No,0.0,Yes,,65.0,,,341.0,783.0,573.0
East Bridgewater,Rob Kenn,4436.0,2687.0,2687.0,Both,Yes,64.0,Both,Bi-weekly,Yes,Yes,96.0,Both,Both,Neither,Neither,,Yes,Yes,,Yes,300.0,75.0,,,,,,,,,,,,,,,,,,,,,2708.0,Yes,,No,,71.78,834.0,2.5,6.0,2.5,3.0
East Brookfield,Michael P. Seery,974.0,939.0,939.0,Both,,,Curbside,Bi-weekly,Yes,Yes,0.0,Both,Both,Both,Neither,Yes,Yes,,,Yes,135.0,,,Yes,,,,,,,,,,,,,,,,,,,512.79,Yes,,Yes,,78.83,55.28,68.95,,,
East Longmeadow,Elizabeth Bone,5679.0,5644.0,5644.0,Curbside,Yes,35.0,Curbside,Weekly,,,,Both,Both,Neither,Neither,Yes,,Yes,,Yes,,50.0,,Yes,,,,,,,Yes,Yes,Yes,Yes,Yes,Yes,Yes,2.0,Yes,,,Yes,3455.86,No,368.46,Yes,,76.0,,,,866.42,598.89
Eastham,Silvio Genao,5668.0,3759.0,3759.0,Drop-off,,,Drop-off,,,,,Both,Both,Both,Both,Yes,Yes,,Yes,,120.0,,10.0,,,,,,,,,,,,,,,,,,,,3570.38,No,543.23,Yes,,73.54,,44.75,176.0,181.0,429.29
Edgartown,Donald Hatch,4677.0,1750.0,1750.0,Drop-off,,,Drop-off,,Yes,,,Both,Both,Both,Both,,,,,Yes,,,,Yes,,,,,,,Yes,Yes,,,Yes,,No,,,,,,2750.0,No,0.0,Yes,,95.0,525.0,,,,
Egremont,Juliette Haas,820.0,820.0,820.0,Drop-off,,,Drop-off,,,,,Both,Neither,Both,Neither,Yes,,,,,,,,,,,,,,,Yes,Yes,,Yes,Yes,Yes,No,,Yes,Yes,,Yes,360.0,No,34.14,Yes,,92.0,,,,100.02,88.84
Erving,Jan Ameen,589.0,589.0,589.0,Curbside,,,Curbside,Weekly,,,,Both,Both,Neither,Neither,Yes,,,,,,,,,,,,,,,No,Yes,,,,,,,,,,,367.85,No,7.55,Yes,,90.0,,,,68.24,54.29
Fairhaven,Kathy A. Tripp,7000.0,6114.0,6114.0,Curbside,Yes,64.0,Both,Bi-weekly,Yes,Yes,96.0,Both,Both,Neither,Neither,Yes,,Yes,,,,20.0,,,Yes,1.0,64.0,Yes,Yes,No,Yes,Yes,Yes,,Yes,Yes,No,,Yes,Yes,,,5030.0,Yes,,Yes,52.0,68.6,1459.0,8.39,5.0,,4.72
Fall River,John Perry,35891.0,31045.0,31045.0,Both,Yes,65.0,Curbside,Weekly,Yes,Yes,65.0,Both,Both,Neither,Neither,Yes,,,,,,,,,,,,,,,,,,,,,,,,,,,24078.0,Yes,,Yes,780.0,96.0,8120.0,,,,
Falmouth,Peter M. McConarty,21000.0,21000.0,21000.0,Both,,,Curbside,Bi-weekly,Yes,,,Both,Both,Neither,Neither,Yes,,Yes,,,,40.0,,,,,,,,,,,,,,,,,,,,,11510.33,No,0.0,Yes,,60.0,2899.26,,,,
Fitchburg,Jean-Francois Leblanc,17012.0,13500.0,13500.0,Both,Yes,64.0,Both,Bi-weekly,Yes,Yes,96.0,Both,Both,Neither,Neither,Yes,,,,,,,,,,,,,,,Yes,Yes,,,Yes,,No,,Yes,Yes,,Yes,10613.98,No,1644.0,Yes,,45.51,2811.3,,,,
Florida,Linda Cernik,350.0,211.0,211.0,Drop-off,,,Drop-off,,,,,Both,Both,Both,Neither,Yes,,Yes,,,,10.0,,,,,,,,,No,Yes,,,,,,,,,,,275.49,No,19.34,Yes,,110.0,,,,19.1,15.18
Framingham,Stephen Sarnosky,26174.0,18277.0,18277.0,Both,Yes,96.0,Both,Weekly,Yes,Yes,96.0,Both,Both,Recycling,Neither,Yes,,,,,,,,,,,,,,,,,,,,,,,,,,,17473.0,Yes,,Yes,,76.5,5227.74,0.0,177.0,95.0,32.97
Franklin,Chris White,9961.0,9310.0,9310.0,Curbside,Yes,65.0,Both,Weekly,Yes,Yes,65.0,Recycling,Recycling,Recycling,Neither,,Yes,,,,242.0,,,,Yes,3.0,65.0,Yes,Yes,No,Yes,Yes,,,Yes,Yes,No,,Yes,,Yes,Yes,7084.0,Yes,,Yes,52.0,68.97,3028.0,,85.0,,0.0
Freetown,Derek Macedo,4223.0,2349.0,2349.0,Curbside,,,Curbside,Weekly,Yes,,,Both,Neither,Neither,Neither,Yes,,,,Yes,,,,Yes,,,,,,,,,,,,,,,,,,,1700.0,No,0.0,Yes,,90.0,715.0,,32.0,11.5,
Gardner,Lauren Saunders,11227.0,6567.0,6567.0,Both,Yes,48.0,Both,Bi-weekly,Yes,Yes,64.0,Both,Both,Recycling,Neither,,Yes,,,,200.0,,,,,,,,,,,,,,,,,,,,,,4408.38,No,0.0,Yes,,76.0,1432.29,,,,30.4
Gill,Jan Ameen,511.0,511.0,511.0,Curbside,,,Curbside,Weekly,,,,Both,Both,Neither,Neither,Yes,,,,Yes,,,,Yes,,,,,,,No,Yes,Yes,,,,,,,,,,182.0,No,0.0,,,90.0,,,,63.25,53.74
Gloucester,Rose LoPiccolo,13825.0,12850.0,12850.0,Curbside,,,Curbside,Weekly,Yes,,,Both,Both,Neither,Neither,Yes,,,,Yes,,,,Yes,,,,,,,Yes,Yes,Yes,Yes,,Yes,,,Yes,,Yes,Yes,6713.48,Yes,,Yes,,72.0,3152.32,,,,
Goshen,Kathleen A. Casey,558.0,203.0,203.0,Drop-off,,,Drop-off,,,,,Both,Neither,Both,Neither,,Yes,,,Yes,30.0,,,Yes,,,,,,,Yes,Yes,Yes,Yes,Yes,,No,,,,,,115.53,No,6.36,Yes,,88.0,,,,30.92,21.56
Grafton,Rebecca Meekins,6200.0,4650.0,4650.0,Curbside,,,Curbside,Bi-weekly,Yes,Yes,96.0,Both,Both,Neither,Neither,Yes,,,,Yes,,,,Yes,,,,,,,,,,,,,,,,,,,3645.86,Yes,,Yes,,71.89,1620.53,,,,
Granville,Matthew Streeter,562.0,450.0,450.0,Drop-off,,,Drop-off,,Yes,,,Both,Both,Both,Neither,Yes,,,,Yes,,,,Yes,,,,,,,Yes,Yes,,,Yes,,No,,Yes,Yes,,,175.48,Yes,,Yes,,74.0,73.64,,,,
Greenfield,Janine Greaves,5604.0,5092.0,5092.0,Both,,,Both,Bi-weekly,,,,Both,Recycling,Neither,Both,Yes,,,,Yes,,,,Yes,,,,,,,No,Yes,,,,,,,,,,,3629.0,Yes,,Yes,,,,,,802.0,548.0
Groton,Tom Delaney,3917.0,1346.0,3917.0,Drop-off,,,Drop-off,,,,,Both,Recycling,Both,Recycling,Yes,,Yes,,Yes,,60.0,,Yes,,,,,,,,,,,,,,,,,,,715.21,No,201.16,Yes,,92.5,,,42.0,200.2,101.6
Halifax,Susan Johnston,3184.0,2754.0,3184.0,Curbside,,,Both,Bi-weekly,Yes,,,Both,Both,Neither,Neither,,,,,Yes,,,,Yes,,,,,,,Yes,Yes,Yes,Yes,Yes,,No,,Yes,Yes,Yes,Yes,522.73,No,105.79,Yes,,86.0,290.72,,45.0,,
Hamilton,Timothy Olson,2923.0,2923.0,2923.0,Curbside,Yes,35.0,Curbside,Weekly,Yes,,,Both,Neither,Both,Neither,Yes,,,,Yes,,,,Yes,,,,,,,,,,,,,,,,,,,1581.31,Yes,,Yes,52.0,69.54,1025.29,,,,
Hampden,Jane Budynkiewicz,1800.0,600.0,600.0,Drop-off,,,Drop-off,,,,,Neither,Neither,Neither,Neither,,,Yes,,Yes,,40.0,,Yes,,,,,,,No,Yes,,,,,,,,,,,100.5,No,0.0,,,131.09,,,0.0,126.68,93.01
Hancock,Linda Cernik,315.0,250.0,250.0,Drop-off,,,Drop-off,,,,,Both,Both,Both,Neither,Yes,,Yes,,,,10.0,,,,,,,,,No,Yes,,,,,,,,,,,185.1,No,29.1,Yes,,110.0,,,,26.77,17.09
Hanover,Victor Diniak,5000.0,5000.0,5000.0,Drop-off,,,Drop-off,,,,,Both,Both,Neither,Neither,Yes,,,,,,,,,,,,,,,No,Yes,Yes,Yes,,,,,Yes,Yes,Yes,Yes,4815.21,No,213.43,Yes,,86.0,,,424.0,179.47,340.7
Hanson,Theresa Cocio,3800.0,2000.0,2000.0,Drop-off,,,Drop-off,,Yes,,,Neither,Neither,Neither,Both,Yes,Yes,,,Yes,10.0,,,Yes,,,,,,,Yes,Yes,Yes,,Yes,,No,,Yes,Yes,Yes,,833.0,Yes,,Yes,,93.75,449.0,,73.0,,
Harvard,Tim Kilhart,1937.0,1339.0,1339.0,Drop-off,,,Drop-off,,,,,Both,Recycling,Neither,Neither,,,Yes,,,,80.0,,Yes,,,,,,,Yes,Yes,Yes,Yes,Yes,Yes,No,,Yes,Yes,Yes,Yes,843.89,No,79.05,Yes,,80.0,,,,233.09,135.12
Harwich,Lincoln Hooper,10255.0,5541.0,5541.0,Drop-off,,,Drop-off,,,,,Both,Both,Both,Both,,Yes,Yes,,,160.0,10.0,,,,,,,,,,,,,,,,,,,,,4490.0,No,0.0,Yes,,90.0,,63.79,379.0,69.44,380.0
Haverhill,Gunther Wellenstein,21300.0,20928.0,20928.0,Curbside,Yes,64.0,Both,Bi-weekly,Yes,,,Both,Both,Both,Neither,Yes,,,,,,,,,Yes,1.0,64.0,Yes,,Yes,Yes,Yes,,Yes,Yes,,Yes,19.0,,,,,19849.0,Yes,,Yes,52.0,60.0,5252.0,0.0,3000.0,0.0,0.0
Heath,Jan Ameen,381.0,350.0,350.0,Drop-off,,,Drop-off,,,,,Both,Neither,Neither,Neither,Yes,,Yes,,Yes,,15.0,,Yes,,,,,,,No,Yes,Yes,,,,,,,,,,124.49,No,0.0,,,79.0,,,,32.54,31.71
Hingham,Randy Sylvester,7473.0,7473.0,7473.0,Drop-off,,,Drop-off,,,,,Recycling,Recycling,Both,Neither,Yes,,,,,,,,,,,,,,,Yes,Yes,Yes,Yes,Yes,,No,,Yes,Yes,Yes,Yes,5443.9,No,1164.0,Yes,,64.62,,,493.0,559.0,595.0
Hinsdale,Linda Cernik,742.0,550.0,550.0,Drop-off,,,Drop-off,,,,,Both,Neither,Recycling,Neither,Yes,,Yes,,Yes,,65.0,,Yes,,,,,,,No,Yes,,,,,,,,,,,271.0,No,119.0,Yes,,110.0,,,,37.44,30.34
Holden,Pamela Harding,7605.0,6100.0,6100.0,Curbside,Yes,65.0,Curbside,Bi-weekly,Yes,Yes,95.0,Both,Neither,Neither,Neither,,Yes,,,Yes,237.0,,,,,,,,,,Yes,Yes,,,,Yes,,,,,,,4640.25,No,0.0,Yes,,68.98,1861.7,,17.0,11.9,6.0
Holliston,Andrea Minihan,5077.0,4600.0,4600.0,Curbside,Yes,35.0,Curbside,Weekly,Yes,Yes,65.0,Both,Both,Neither,Neither,Yes,,,,Yes,,,,Yes,,,,,,,,,,,,,,,,,,,3149.0,Yes,,Yes,52.0,68.97,1397.0,109.0,51.0,,74.0
Holyoke,Jim Dupuis,16200.0,9950.0,9950.0,Both,,,Both,Bi-weekly,,,,Recycling,Recycling,Recycling,Neither,Yes,,,,,,,,,,,,,,,Yes,Yes,,,Yes,,Yes,20.0,,,,,7663.04,Yes,,No,,77.7,,,,1169.0,685.0
Hudson,Kelli M. Calo,7749.0,1705.0,1705.0,Drop-off,,,Drop-off,,,,,Both,Both,Neither,Neither,,,Yes,,,,10.0,,Yes,,,,,,,,,,,,,,,Yes,Yes,Yes,Yes,1255.35,Yes,,Yes,,,,179.09,89.0,,121.12
Huntington,Kathleen A. Casey,953.0,477.0,477.0,Drop-off,,,Drop-off,,Yes,,,Both,Neither,Both,Neither,,Yes,,,Yes,40.0,,,Yes,,,,,,,Yes,Yes,Yes,Yes,Yes,,No,,,,,,297.8,No,52.32,Yes,,85.0,96.31,,,,
Ipswich,Marlene Faria Connelly,6369.0,5055.0,5157.0,Curbside,,,Both,Weekly,Yes,,,Both,Both,Recycling,Neither,Yes,,,,,,,,Yes,,,,,,,Yes,Yes,,,,Yes,,,,,,,2909.4,Yes,,Yes,52.0,72.5,1683.97,,,,
Kingston,Paul Basler,4700.0,3350.0,3350.0,Drop-off,,,Drop-off,,,,,Recycling,Neither,Neither,Neither,Yes,Yes,,,,200.0,,,,,,,,,,Yes,Yes,,,Yes,,No,,Yes,Yes,Yes,Yes,2966.0,No,0.0,Yes,,75.97,,,218.0,224.0,248.0
Lakeville,Jennifer,4258.0,1496.0,1496.0,Drop-off,,,Drop-off,,,,,Neither,Neither,Neither,Neither,Yes,Yes,,,Yes,50.0,,,Yes,,,,,,,,,,,,,,,,,,,590.2,No,451.33,Yes,,82.5,,10.24,90.0,41.06,94.65
Lanesborough,Linda Cernik,1322.0,0.0,1322.0,None,,,Drop-off,,,,,Recycling,Neither,Neither,Neither,Yes,,,,,,,,,,,,,,,No,Yes,,,,,,,,,,,0.0,No,2.33,Yes,,,,,,45.38,22.29
Lawrence,Brian Pena,30000.0,21723.0,21723.0,Curbside,Yes,64.0,Curbside,Weekly,Yes,,,Both,Both,Neither,Neither,Yes,,,,,,,,,,,,,,,,,,,,,,,,,,,31004.8,No,0.0,Yes,,61.25,3318.05,,161.0,,
Leicester,David Genereux,3587.0,0.0,3587.0,None,,,Drop-off,,,,,Neither,Neither,Neither,Neither,,Yes,,,,30.0,,,,,,,,,,,,,,,,,,,,,,0.0,No,0.0,,,,,,,69.0,51.0
Leverett,Jan Ameen,717.0,657.0,657.0,Drop-off,,,Drop-off,,,,,Both,Both,Neither,Neither,Yes,,Yes,,Yes,,30.0,,Yes,,,,,,,No,Yes,Yes,,,,,,,,,,151.8,No,114.34,Yes,,79.0,,,,93.0,54.5
Lexington,Robert Beaudoin,12475.0,10888.0,11444.0,Both,,,Both,Weekly,Yes,,,Both,Both,Neither,Neither,Yes,,,,,,,,,Yes,6.0,32.0,,,,No,Yes,,,,,,,Yes,Yes,,,8251.0,Yes,,No,,69.54,3902.0,,77.0,,
Lincoln,Susan Donaldson,1933.0,1933.0,1933.0,Drop-off,,,Drop-off,,Yes,,,Both,Neither,Neither,Neither,Yes,,,,,,,,,,,,,,,Yes,Yes,,,Yes,,Yes,16.0,,,,,923.0,Yes,,No,,69.54,394.0,,,,85.0
Littleton,Steven Whitten,3081.0,1807.0,1807.0,Drop-off,,,Drop-off,,,,,Neither,Neither,Neither,Neither,,Yes,,,,120.0,,,Yes,,,,,,,,,,,,,,,,,,,773.0,No,289.0,Yes,,77.5,,,,301.86,255.44
Longmeadow,Mario Mazza,5779.0,5534.0,5534.0,Curbside,Yes,35.0,Curbside,Weekly,,,,Both,Both,Neither,Neither,Yes,,Yes,,Yes,,45.0,,Yes,,,,,,,Yes,Yes,Yes,Yes,,Yes,,,Yes,Yes,Yes,Yes,3603.0,No,313.0,Yes,,77.5,,,,1011.0,619.0
Lowell,Chris Haley,38000.0,25000.0,25000.0,Curbside,Yes,64.0,Curbside,Bi-weekly,Yes,Yes,96.0,Both,Both,Neither,Neither,Yes,Yes,,,,125.0,,,,Yes,1.0,64.0,Yes,,Yes,Yes,Yes,,,Yes,,Yes,40.0,,,,,23899.37,No,0.0,Yes,,66.23,6368.62,,,,
Ludlow,Jim Goodreau,7130.0,7054.0,7054.0,Both,,,Both,Weekly,Yes,,,Both,Neither,Neither,Neither,Yes,,,,Yes,,,,Yes,,,,,,,,,,,,,,,,,,,5071.0,No,35.0,Yes,,77.5,1289.0,,,68.0,13.0
Lunenburg,Elaine Peterson,4236.0,3636.0,4236.0,Curbside,,,Curbside,Weekly,Yes,,,Both,Both,Neither,Neither,Yes,,,,Yes,,,,Yes,,,,,,,,,,,,,,,,,,,1862.66,No,0.0,Yes,,85.03,774.68,,,,
Lynn,Lisa Nerich,33122.0,27000.0,27000.0,Curbside,Yes,64.0,Curbside,Bi-weekly,Yes,Yes,96.0,Both,Both,Neither,Neither,Yes,Yes,,,Yes,90.0,,,,Yes,1.0,64.0,Yes,Yes,No,Yes,Yes,,,Yes,Yes,No,,,,,,27212.87,Yes,,Yes,,73.47,6336.11,,,,
Lynnfield,Marlene Faria Connelly,4590.0,4350.0,4350.0,Curbside,,,Curbside,Bi-weekly,Yes,,,Both,Both,Neither,Neither,Yes,,,,,,,,,,,,,,,,,,,,,,,,,,,4577.01,Yes,,Yes,52.0,,1152.75,,,,
Malden,Bob Knox,25000.0,17100.0,17100.0,Curbside,,,Both,Weekly,,,,Both,Both,Neither,Neither,Yes,,,,Yes,,,,Yes,,,,,,,,,,,,,,,Yes,,Yes,Yes,11676.0,Yes,,No,52.0,,,,,1845.0,2192.0
Manchester,Kay Mol,2417.0,2417.0,2417.0,Both,,,Both,Weekly,Yes,,,Both,Neither,Recycling,Neither,Yes,,,,Yes,,,,Yes,,,,,,,Yes,Yes,,,,Yes,,,,,,,1123.57,Yes,,Yes,,66.89,,,,,830.38
Mansfield,Christina Collins,7898.0,6831.0,6831.0,Curbside,Yes,64.0,Curbside,Weekly,Yes,Yes,64.0,Both,Neither,Neither,Neither,Yes,,,,,,,,,Yes,1.0,64.0,,Yes,,Yes,Yes,,,,Yes,,,,,,,5150.0,No,0.0,Yes,,68.97,2000.0,,,,
Marblehead,Andrew Petty,8000.0,8000.0,8000.0,Both,,,Both,Weekly,Yes,,,Both,Both,Neither,Neither,Yes,,,,,,,,,Yes,2.0,35.0,Yes,Yes,No,Yes,Yes,,,Yes,Yes,No,,,,,,4300.14,No,0.0,Yes,,91.79,2226.38,9.44,201.0,97.68,12.78
Marion,David Willett,2771.0,2771.0,2771.0,Both,Yes,64.0,Both,Bi-weekly,Yes,Yes,96.0,Both,Both,Recycling,Neither,Yes,,,,,,,,,Yes,1.0,45.0,Yes,Yes,No,,,,,,,,,,,,,1470.34,No,0.0,Yes,,,301.0,,,,
Marlborough,Theodore Scott,12000.0,12000.0,12000.0,Both,Yes,65.0,Both,Bi-weekly,Yes,Yes,95.0,Both,Both,Neither,Neither,Yes,,,,,,,,,Yes,1.0,65.0,,Yes,,,,,,,,,,,,,,8231.0,No,1510.0,No,,120.58,2981.0,,,,
Marshfield,Debbie Sullivan,9564.0,9444.0,9444.0,Both,,,Both,Weekly,Yes,Yes,64.0,Both,Both,Both,Neither,,Yes,Yes,,Yes,360.0,20.0,,Yes,,,,,,,,,,,,,,,,,,,5357.0,Yes,,Yes,52.0,,3220.0,,,,
Mashpee,Catherine Laurent,6933.0,4464.0,4916.0,Drop-off,,,Drop-off,,,,,Both,Both,Neither,Both,Yes,,Yes,Yes,,,150.0,15.0,,,,,,,,,,,,,,,,,,,,3517.0,Yes,,Yes,,93.75,277.0,30.0,166.0,124.0,151.0
Maynard,Justin DeMarco,4142.0,4142.0,4142.0,Curbside,,,Curbside,Bi-weekly,Yes,Yes,95.0,Both,Both,Neither,Neither,Yes,,,,Yes,,,,Yes,,,,,,,,,,,,,,,,,,,3854.0,Yes,,Yes,,68.97,938.81,,,,
Medfield,Maurice Goulet,4391.0,3600.0,3600.0,Drop-off,,,Drop-off,,Yes,,,Neither,Neither,Neither,Neither,,Yes,,,,50.0,,,,,,,,,,,,,,,,,,,,,,2642.0,Yes,,No,,68.97,922.0,,,,
Medford,Mary Menezes,22067.0,19500.0,19500.0,Curbside,Yes,64.0,Curbside,Bi-weekly,Yes,Yes,96.0,Both,Both,Both,Neither,Yes,,,,,,,,,,,,,,,No,Yes,,Yes,,,,,,,,,15471.0,No,0.0,Yes,,,5233.6,,,,
Medway,Stephanie Carlisle,4450.0,4171.0,4171.0,Both,,,Both,Bi-weekly,Yes,Yes,96.0,Both,Both,Neither,Neither,,Yes,,,Yes,250.0,,,Yes,,,,,,,Yes,Yes,Yes,Yes,Yes,Yes,No,,Yes,Yes,Yes,Yes,3047.94,Yes,,No,52.0,68.97,1334.76,0.0,39.0,27.13,9.67
Melrose,Samantha Flanagan,11514.0,8905.0,8905.0,Curbside,,,Both,Weekly,Yes,,,Both,Both,Neither,Neither,Yes,Yes,,,,200.0,,,,Yes,4.0,45.0,Yes,Yes,No,,,,,,,,,Yes,,Yes,,7045.0,Yes,,Yes,52.0,64.0,2312.0,,,,
Merrimac,Jennifer Penney,2985.0,1534.0,1934.0,Curbside,,,Curbside,Bi-weekly,Yes,Yes,96.0,Both,Neither,Neither,Neither,Yes,,,,Yes,,,,Yes,,,,,,,,,,,,,,,Yes,Yes,Yes,Yes,610.7,Yes,,Yes,,68.7,550.36,,,,
Methuen,Daryl Laurenza,17154.0,14754.0,14754.0,Both,,,Both,Bi-weekly,Yes,,,Both,Both,Neither,Neither,Yes,,Yes,,,,10.0,,,,,,,,,,,,,,,,,,,,,17766.08,Yes,,Yes,52.0,78.0,2541.14,,,,
Middleborough,Christopher Peck,7351.0,6245.0,6245.0,Both,Yes,64.0,Both,Bi-weekly,Yes,Yes,96.0,Both,Neither,Neither,Neither,,Yes,Yes,,Yes,204.0,25.0,,,Yes,1.0,64.0,Yes,,No,,,,,,,,,Yes,,Yes,Yes,4775.69,Yes,,Yes,,25.0,1615.3,,,,
Middlefield,Kathleen A. Casey,270.0,173.0,173.0,Drop-off,,,Drop-off,,,,,Both,Neither,Both,Neither,,Yes,,,,65.0,,,,,,,,,,Yes,Yes,Yes,Yes,Yes,,No,,,,,,121.95,No,23.4,Yes,,80.85,,,,17.19,15.14
Middleton,Paul Goodwin,3112.0,2152.0,2492.0,Drop-off,,,Drop-off,,,,,Both,Neither,Neither,Neither,Yes,Yes,,,,125.0,,,,,,,,,,Yes,Yes,,,Yes,,Yes,48.0,,,,,2107.0,Yes,,No,,73.5,,,,296.21,169.42
Milford,Jacquelyn Murphy,11500.0,9000.0,9000.0,Curbside,,,Both,Bi-weekly,,,,Recycling,Recycling,Neither,Neither,Yes,,,,,,,,,Yes,4.0,35.0,Yes,,No,Yes,Yes,,,Yes,,No,,,,,,9634.0,Yes,,Yes,52.0,,,,,,3300.0
Millbury,Laurie Connors,4623.0,3728.0,3728.0,Drop-off,,,Drop-off,,Yes,,,Both,Neither,Neither,Neither,,,Yes,,,,35.0,,,,,,,,,Yes,Yes,,Yes,Yes,,No,,,,,,1842.27,Yes,,Yes,,,771.44,,,,
Millis,James F. McKay,3517.0,831.0,831.0,Drop-off,,,Drop-off,,Yes,,,Recycling,Recycling,Recycling,Neither,,,,,,,,,Yes,,,,,,,Yes,Yes,,,Yes,,No,,,,,,434.28,No,0.0,Yes,,68.97,,,,124.69,67.79
Milton,Hillary Waite,9536.0,8918.0,9376.0,Curbside,Yes,35.0,Both,Weekly,Yes,Yes,64.0,Both,Both,Recycling,Neither,Yes,,,,Yes,,,,Yes,,,,,,,,,,,,,,,,,,,6000.04,Yes,,Yes,52.0,95.0,3471.12,,,,
Monroe,Linda Cernik,73.0,73.0,73.0,Curbside,,,Curbside,Weekly,Yes,,,Both,Neither,Both,Neither,Yes,,,,,,,,,,,,,,,,,,,,,,,,,,,53.2,No,0.0,,,110.0,3.25,,,,
Monson,Kate Baker,3881.0,2962.0,2962.0,Curbside,,,Curbside,Bi-weekly,,,,Both,Both,Neither,Neither,,Yes,,,,310.0,,,,Yes,7.0,32.0,,Yes,,Yes,Yes,Yes,Yes,,Yes,,,Yes,Yes,Yes,Yes,2388.0,Yes,,No,,,268.0,0.0,,90.0,109.0
Montague,Jan Ameen,2611.0,2611.0,2611.0,Curbside,,,Both,Weekly,,,,Both,Neither,Neither,Neither,Yes,,,,Yes,,,,Yes,,,,,,,No,Yes,Yes,,,,,,,,,,1217.06,No,224.66,Yes,,85.0,,,,270.62,219.6
Monterey,Melissa Noe,845.0,748.0,740.0,Drop-off,,,Drop-off,,,,,Both,Neither,Both,Neither,Yes,,Yes,,,,65.0,,,,,,,,,Yes,Yes,Yes,Yes,Yes,Yes,No,,,,,,199.31,No,66.32,Yes,,,,,,79.83,52.09
Mount Washington,Ellie Lovejoy,146.0,146.0,146.0,Drop-off,,,Drop-off,,,,,Both,Neither,Neither,Both,,Yes,,,,250.0,,,,,,,,,,No,Yes,,,,,,,,,,,25.11,No,6.04,No,,104.74,,,,10.54,9.49
Nantucket,Graeme Durovich,8871.0,8871.0,8871.0,Drop-off,,,Drop-off,,,,,Both,Both,Both,Both,Yes,,,,,,,,,,,,,,,Yes,Yes,Yes,Yes,Yes,Yes,Yes,43.0,Yes,Yes,Yes,Yes,11397.73,No,0.0,No,,,,,1116.0,,2021.25
Natick,Thomas Hladick,134440.0,10565.0,10565.0,Curbside,,,Both,Bi-weekly,Yes,Yes,35.0,Both,Both,Neither,Neither,Yes,,,,Yes,,,,Yes,,,,,,,,,,,,,,,,,,,6195.8,Yes,,Yes,,68.97,4225.6,,223.0,91.74,38.97
Needham,Gregory Smith,8407.0,5349.0,5349.0,Drop-off,,,Drop-off,,Yes,,,Both,Both,Neither,Neither,Yes,,,,Yes,,,,Yes,,,,,,,Yes,Yes,,,Yes,,No,,Yes,Yes,,,4544.85,Yes,,Yes,,68.97,232.0,0.0,422.0,1172.0,726.0
New Ashford,Linda Cernik,95.0,0.0,51.0,None,,,Drop-off,,,,,Recycling,Neither,Recycling,Neither,Yes,,,,,,,,,,,,,,,No,Yes,,,,,,,,,,,0.0,No,0.0,Yes,,,,,,4.01,3.94
New Bedford,Marissa Perez-Dormitzer,39242.0,36394.0,36394.0,Curbside,Yes,65.0,Both,Weekly,Yes,Yes,65.0,Both,Both,Both,Neither,Yes,,,,,,,,,Yes,1.0,65.0,Yes,,Yes,Yes,Yes,Yes,Yes,Yes,,Yes,128.0,,,,,28706.81,No,1440.42,No,,,7009.68,,696.0,9.25,
New Marlborough,Sharon Fleck,940.0,349.0,349.0,Drop-off,,,Drop-off,,Yes,,,Both,Neither,Both,Both,,,Yes,,,,150.0,,,,,,,,,,,,,,,,,,,,,226.0,No,83.0,Yes,,80.0,96.0,,,,
New Salem,Jan Ameen,423.0,264.0,264.0,Drop-off,,,Drop-off,,,,,Both,Neither,Neither,Neither,Yes,,Yes,,Yes,,20.0,,Yes,,,,,,,No,Yes,Yes,,,,,,,,,,137.01,No,30.54,Yes,,79.0,,,,43.04,35.4
Newburyport,Molly Ettenborough,9720.0,7812.0,7812.0,Curbside,,,Curbside,Bi-weekly,Yes,Yes,64.0,Both,Both,Both,Neither,Yes,,,,,,,,,Yes,3.0,32.0,,Yes,,Yes,Yes,,Yes,Yes,,No,,,,,,5340.0,Yes,,Yes,12.0,68.7,2136.0,,,,
Newton,Waneta Trabert,33500.0,28500.0,28500.0,Curbside,Yes,64.0,Both,Weekly,Yes,Yes,64.0,Both,Both,Neither,Neither,Yes,,,,Yes,,,,,Yes,1.0,64.0,,Yes,,,,,,,,,,,,,,17710.89,Yes,,Yes,,68.97,9274.92,,243.0,,
Norfolk,Barry Lariviere,3815.0,1062.0,1062.0,Drop-off,,,Drop-off,,,,,Both,Neither,Neither,Neither,,,Yes,,Yes,,65.0,,Yes,,,,,,,,,,,,,,,,,,,508.0,No,343.0,Yes,,,,83.0,95.0,,182.0
North Adams,Michael Canales,5366.0,5366.0,5366.0,Drop-off,,,Drop-off,,,,,Both,Both,Both,Both,,,Yes,,Yes,,60.0,,Yes,,,,,,,,,,,,,,,,,,,3882.27,Yes,,Yes,,,,,,158.66,87.97
North Andover,Jim Stanford,11404.0,8304.0,8304.0,Curbside,,,Curbside,Weekly,Yes,,,Both,Both,Recycling,Neither,Yes,,,,,,,,,,,,,,,,,,,,,,,,,,,8406.06,Yes,,Yes,52.0,68.23,2437.6,,,,
North Attleborough,Michele Bernier,11036.0,8963.0,9009.0,Both,,,Both,Weekly,Yes,Yes,96.0,Both,Both,Neither,Neither,,Yes,,,Yes,225.0,,,Yes,,,,,,,Yes,Yes,Yes,Yes,Yes,Yes,Yes,10.0,Yes,Yes,Yes,Yes,4688.25,Yes,,Yes,,82.0,2701.91,,24.0,1.0,2.96
North Brookfield,Brian Tessie,2317.0,1109.0,1109.0,Drop-off,,,Drop-off,,,,,Both,Both,Both,Neither,,,Yes,,Yes,,60.0,,Yes,,,,,,,Yes,Yes,Yes,Yes,Yes,Yes,Yes,12.0,Yes,,Yes,Yes,602.0,Yes,,Yes,,87.0,,,52.0,70.0,42.0
Northampton,Susan Waite,12147.0,2947.0,2947.0,Drop-off,,,Drop-off,,,,,Both,Both,Both,Neither,,,Yes,,Yes,,25.0,,Yes,,,,,,,Yes,Yes,Yes,Yes,Yes,,No,,Yes,Yes,Yes,Yes,864.66,No,80.17,Yes,,79.3,,,,505.11,301.18
Northborough,Fred Litchfield,5941.0,4943.0,4949.0,Curbside,,,Curbside,Bi-weekly,Yes,,,Both,Neither,Neither,Neither,Yes,,,,Yes,,,,Yes,,,,,,,No,Yes,Yes,,,,,,Yes,Yes,,,1930.0,Yes,,Yes,104.0,68.97,1038.0,,,,
Northfield,Jan Ameen,1142.0,830.0,830.0,Drop-off,,,Drop-off,,,,,Both,Neither,Neither,Neither,Yes,,Yes,,Yes,,20.0,,Yes,,,,,,,No,Yes,Yes,,,,,,,,,,393.19,No,0.0,,,79.0,,,,112.14,85.83
Norwell,Benjamin Margro,3651.0,3550.0,3550.0,Curbside,Yes,35.0,Both,Weekly,Yes,Yes,64.0,Both,Both,Neither,Neither,Yes,,,,Yes,,,,Yes,,,,,,,Yes,Yes,,,Yes,Yes,No,,,,,,2551.8,Yes,,No,2.0,80.34,1451.25,,,,
Norwood,Mark Ryan,13341.0,9630.0,9630.0,Curbside,Yes,64.0,Both,Bi-weekly,Yes,Yes,96.0,Both,Both,Neither,Neither,Yes,,,,,,,,,Yes,2.0,64.0,Yes,Yes,No,,,,,,,,,,,,,6123.0,No,305.0,Yes,156.0,87.82,3983.0,,,,
Oak Bluffs,Richard Combra Jr,2959.0,2826.0,2005.0,Both,,,Drop-off,,,,,Both,Neither,Neither,Neither,Yes,,,,Yes,,,,Yes,,,,,,,,,,,,,,,,,,,732.0,No,0.0,,,146.5,,75.0,68.0,,122.0
Orange,Jan Ameen,2471.0,1157.0,1157.0,Drop-off,,,Drop-off,,Yes,,,Both,Recycling,Neither,Neither,Yes,,Yes,,Yes,,32.0,,Yes,,,,,,,No,Yes,Yes,,,,,,Yes,,Yes,,516.16,No,184.81,Yes,,83.0,257.97,,,,
Orleans,Ron Trudeau,5362.0,3825.0,3825.0,Drop-off,,,Drop-off,,,,,Recycling,Recycling,Recycling,Recycling,Yes,Yes,Yes,Yes,,125.0,0.0,5.0,,,,,,,,,,,,,,,,,,,,2476.0,Yes,,Yes,,91.75,0.0,0.0,172.0,189.0,162.0
Otis,James Crandall,1701.0,1200.0,1200.0,Drop-off,,,Drop-off,,,,,Both,Neither,Both,Both,Yes,Yes,,,,50.0,,,,,,,,,,Yes,Yes,,Yes,Yes,,No,,,,,,580.55,No,211.45,Yes,,90.0,,,,73.23,70.86
Paxton,Sheryl Lombardi,1578.0,1578.0,1578.0,Curbside,,,Both,Weekly,,,,Both,Neither,Neither,Neither,,Yes,,,,177.6,,,,Yes,5.0,32.0,,Yes,,Yes,Yes,,,,Yes,,,,,,,1338.0,No,0.0,Yes,,68.97,2.5,,,1.8,137.0
Peabody,Chris Ryder,17401.0,14000.0,14000.0,Both,,,Both,Weekly,,,,Both,Both,Neither,Neither,Yes,,,,,,,,,Yes,3.0,36.0,,Yes,,Yes,Yes,,,,Yes,,,,,,,16608.0,Yes,,No,,67.12,,,,1818.11,1499.81
Pembroke,Edwin J. Thorne,6773.0,6773.0,6773.0,Curbside,Yes,64.0,Both,Weekly,Yes,Yes,64.0,Both,Recycling,Neither,Neither,,Yes,,,,280.0,,,,Yes,2.0,64.0,,,,,,,,,,,,,,,,5421.29,Yes,,Yes,,93.75,1850.0,0.0,25.0,0.0,0.0
Pepperell,Brynn Montesanti,4625.0,1420.0,1420.0,Drop-off,,,Drop-off,,,,,Both,Neither,Neither,Neither,,,Yes,Yes,Yes,,90.0,20.0,Yes,,,,,,,,,,,,,,,,,,,828.85,Yes,,Yes,,70.75,0.0,0.0,59.0,77.45,40.72
Peru,Linda Cernik,380.0,335.0,335.0,Drop-off,,,Drop-off,,,,,Both,Neither,Both,Neither,Yes,,Yes,,Yes,,75.0,,,,,,,,,No,Yes,,,,,,,,,,,185.75,No,8.44,Yes,,110.0,,,,23.87,15.06
Petersham,Fifi Scoufopoulos,489.0,292.0,292.0,Drop-off,,,Drop-off,,,,,Both,Recycling,Neither,Neither,Yes,,Yes,,Yes,,25.0,,Yes,,,,,,,No,Yes,,,,,,,,,,,204.49,Yes,,Yes,,100.0,,,,51.76,38.88
Phillipston,Ruth French,798.0,376.0,376.0,Drop-off,,,Drop-off,,,,,Both,Both,Both,Neither,Yes,Yes,,,Yes,20.0,,,Yes,,,,,,,,,,,,,,,,,,,185.15,No,4.98,Yes,,125.0,,,,42.44,69.88
Pittsfield,Ricardo Morales,19369.0,17522.0,17522.0,Both,,,Both,Weekly,,,,Both,Both,Neither,Neither,Yes,,,,,,,,,,,,,,,No,Yes,Yes,,,,,,,,,,15249.1,Yes,,Yes,,87.15,,,,1176.63,743.2
Plainfield,Kathleen A. Casey,304.0,224.0,224.0,Drop-off,,,Drop-off,,,,,Both,Neither,Both,Neither,,,,,Yes,,,,Yes,,,,,,,Yes,Yes,Yes,Yes,Yes,,No,,,,,,99.96,No,16.71,Yes,,88.0,,,,26.34,19.06
Plainville,Deborah J. Revelle,4026.0,2101.0,2101.0,Curbside,,,Curbside,Weekly,Yes,,,Both,Both,Neither,Neither,Yes,Yes,,,Yes,150.0,,,Yes,,,,,,,,,,,,,,,Yes,Yes,Yes,Yes,1458.0,No,0.0,Yes,52.0,87.55,704.0,,43.0,,
Plymouth,Rachel Newell,31873.0,4487.0,5196.0,Drop-off,,,Drop-off,,,,,Both,Both,Neither,Neither,,Yes,,,Yes,168.0,,,Yes,,,,,,,,,,,,,,,Yes,Yes,Yes,,3066.35,No,0.0,,,71.75,,41.84,183.0,309.49,307.54
Provincetown,Robin Craver,2348.0,2348.0,2348.0,Both,,,Both,Weekly,Yes,,,Both,Both,Neither,Both,Yes,,Yes,Yes,,,50.0,2.0,,Yes,2.0,32.0,Yes,,Yes,,,,,,,,,Yes,Yes,Yes,Yes,3025.0,Yes,,Yes,,93.75,1244.0,,192.0,,
Quincy,John Sullivan,45000.0,33500.0,45000.0,Curbside,,,Both,Weekly,Yes,,,Both,Both,Neither,Neither,Yes,,,,,,,,,,,,,,,,,,,,,,,,,,,29862.0,Yes,,No,,75.83,4646.93,,,,
Randolph,Kim Fontaine,12006.0,9279.0,9279.0,Curbside,,,Curbside,Bi-weekly,Yes,Yes,96.0,Both,Both,Neither,Neither,,Yes,,,,345.0,,,,,,,,,,,,,,,,,,,,,,9645.0,Yes,,Yes,156.0,85.0,2137.0,,,,
Raynham,Lori Anderson,4528.0,1169.0,1169.0,Drop-off,,,Drop-off,,,,,Both,Neither,Both,Neither,,,Yes,,Yes,,70.0,,Yes,,,,,,,,,,,,,,,,,,,674.63,Yes,,Yes,,83.41,,19.09,95.0,87.99,190.16
Reading,Michael O'Halloran,8895.0,8293.0,8293.0,Curbside,,,Curbside,Weekly,Yes,,,Both,Both,Neither,Neither,Yes,,,,,,,,,Yes,4.0,30.0,,Yes,,Yes,Yes,,,,Yes,,,,,,,7089.33,Yes,,Yes,52.0,68.35,2918.06,,,,
Revere,Debra Anemoduris,27269.0,20452.0,20452.0,Curbside,Yes,65.0,Curbside,Bi-weekly,Yes,Yes,65.0,Both,Both,Neither,Neither,Yes,,,,,,,,,,,,,,,No,Yes,,,,,,,,,,,17355.3,Yes,,Yes,,72.03,3387.33,,,,
Rochester,Marcia Kessler,1953.0,1953.0,1953.0,Both,Yes,64.0,Both,Bi-weekly,Yes,Yes,95.0,Both,Both,Both,Neither,Yes,Yes,,,,40.0,,,,,,,,,,,,,,,,,,Yes,Yes,,Yes,2185.78,No,0.0,Yes,,,568.4,,,,
Rockland,Delshaune Flipp,5485.0,5083.0,5485.0,Curbside,Yes,64.0,Both,Bi-weekly,Yes,Yes,96.0,Both,Both,Neither,Neither,,Yes,,,,296.0,,,,Yes,1.0,64.0,Yes,Yes,No,Yes,Yes,Yes,Yes,Yes,Yes,No,,Yes,Yes,Yes,Yes,4184.0,No,280.17,Yes,,90.0,1220.0,,9.0,,
Rockport,Joseph Parisi,4384.0,3150.0,3150.0,Drop-off,,,Drop-off,,,,,Both,Both,Both,Neither,Yes,,Yes,,Yes,,75.0,,Yes,,,,,,,Yes,Yes,,,Yes,,No,,,,,,2086.75,Yes,,Yes,,85.5,,,,526.28,474.12
Rowe,Jan Ameen,215.0,172.0,172.0,Drop-off,,,Drop-off,,,,,Both,Both,Neither,Neither,Yes,,Yes,,Yes,,25.0,,Yes,,,,,,,No,Yes,Yes,,,,,,,,,,104.17,No,43.33,No,,79.0,,,,22.44,15.98
Royalston,Philip Leger,562.0,375.0,375.0,Drop-off,,,Drop-off,,,,,Both,Both,Both,Both,Yes,,Yes,,Yes,,15.0,,Yes,,,,,,,,,,,,,,,,,,,186.05,No,92.28,Yes,,120.0,,,,69.24,35.57
Russell,Jeffrey Bean,563.0,420.0,420.0,Drop-off,,,Drop-off,,,,,Both,Neither,Neither,Neither,Yes,Yes,,,Yes,45.0,,,Yes,,,,,,,No,Yes,,,,,,,,,,,203.78,No,75.75,Yes,,,,,,38.36,27.06
Salem,Micaela Guglielmi,16990.0,15075.0,15075.0,Curbside,Yes,64.0,Curbside,Bi-weekly,Yes,Yes,96.0,Both,Both,Both,Neither,Yes,Yes,,,,216.0,,,,Yes,1.0,64.0,Yes,Yes,Yes,Yes,Yes,Yes,Yes,Yes,Yes,Yes,20.0,Yes,Yes,Yes,Yes,10935.17,Yes,,No,52.0,73.8,3448.26,,,,
Sandwich,Paul S. Tilton,8500.0,5020.0,5020.0,Drop-off,,,Drop-off,,,,,Both,Both,Both,Both,,Yes,,Yes,Yes,60.0,,10.0,Yes,,,,,,,,,,,,,,,Yes,,Yes,,2783.0,No,299.0,Yes,,73.54,,,,1037.0,603.0
Saugus,Lorna Cerbone,10662.0,8758.0,8758.0,Curbside,,,Both,Weekly,Yes,,,Both,Both,Neither,Neither,Yes,,,,,,,,,Yes,3.0,32.0,Yes,Yes,Yes,Yes,Yes,,,Yes,Yes,Yes,31.0,,,,,9085.48,Yes,,Yes,104.0,74.5,2107.67,,,,
Savoy,Linda Cernik,293.0,174.0,174.0,Drop-off,,,Drop-off,,,,,Both,Both,Both,Neither,Yes,,Yes,,Yes,,10.0,,Yes,,,,,,,Yes,Yes,,,Yes,,No,,,,,,96.16,No,7.85,Yes,,110.0,,,,11.81,8.45
Scituate,Sean McCarthy,7810.0,5337.0,5337.0,Drop-off,,,Drop-off,,,,,Both,Neither,Recycling,Neither,,,Yes,,Yes,,90.0,,Yes,,,,,,,Yes,Yes,,,Yes,,No,,,,,,2671.0,No,2501.0,Yes,,102.56,,,204.0,649.0,560.0
Seekonk,Bill Kirchmann,5331.0,5229.0,5229.0,Curbside,Yes,64.0,Curbside,Weekly,Yes,Yes,64.0,Both,Neither,Neither,Neither,,Yes,Yes,,Yes,211.27,25.0,,Yes,,,,,,,Yes,Yes,Yes,Yes,,Yes,,,Yes,Yes,Yes,Yes,3078.96,No,0.0,Yes,,78.0,1596.48,,,,
Sharon,Liz Curley,6519.0,5771.0,5771.0,Curbside,Yes,35.0,Curbside,Weekly,Yes,Yes,96.0,Both,Both,Neither,Neither,,,,,Yes,,,,Yes,,,,,,,Yes,Yes,,,Yes,Yes,Yes,40.0,Yes,Yes,,,4486.2,No,0.0,Yes,2.0,,2214.62,,,,
Sheffield,Jill Hughes,1558.0,852.0,870.0,Drop-off,,,Drop-off,,,,,Both,Neither,Neither,Neither,,Yes,,,,165.0,,,,,,,,,,,,,,,,,,Yes,Yes,Yes,Yes,561.15,No,14.73,No,,80.0,,,98.0,,84.7
Shelburne,Jan Ameen,605.0,520.0,520.0,Drop-off,,,Drop-off,,,,,Both,Neither,Neither,Neither,Yes,,,,Yes,,,,Yes,,,,,,,No,Yes,Yes,,,,,,,,,,246.81,No,0.0,,,79.0,,,,66.74,45.69
Sherborn,Charles Tyler,1440.0,1440.0,1440.0,Drop-off,,,Drop-off,,,,,Both,Both,Both,Neither,Yes,,,,,,,,,,,,,,,Yes,Yes,,Yes,Yes,,No,,,,,,1458.6,No,0.0,Yes,,69.0,,,,359.0,215.0
Shirley,Joseph Howlett II,2485.0,1931.0,1931.0,Curbside,Yes,64.0,Both,Bi-weekly,Yes,Yes,96.0,Both,Neither,Neither,Neither,Yes,,,,Yes,,,,,,,,,,,Yes,Yes,Yes,Yes,Yes,Yes,No,,Yes,Yes,Yes,Yes,875.63,No,0.0,,,88.0,400.13,,,,
Shrewsbury,David Snowdon,13054.0,10140.0,10140.0,Curbside,,,Curbside,Weekly,,,,Both,Both,Both,Both,Yes,,,,Yes,,,,Yes,,,,,,,No,Yes,,,,,,,,,,,6676.0,Yes,,Yes,,68.97,,,210.0,1245.56,1008.98
Shutesbury,J. Gary Bernhard,850.0,850.0,850.0,Curbside,,,Curbside,Weekly,,,,Both,Both,Both,Neither,Yes,,,,Yes,,,,Yes,,,,,,,No,Yes,,Yes,,,,,,,,,312.87,Yes,,Yes,,79.5,,,,99.58,76.21
Somerset,Paula Ramos,6933.0,6933.0,6933.0,Both,,,Curbside,Weekly,Yes,Yes,95.0,Both,Both,Both,Neither,Yes,,Yes,,Yes,,5.0,,Yes,,,,,,,,,,,,,,,,,,,3837.59,Yes,,Yes,,75.0,1665.7,,,,
Somerville,Vithal Deshpande,28000.0,26250.0,26250.0,Curbside,Yes,64.0,Curbside,Weekly,Yes,Yes,64.0,Both,Both,Recycling,Neither,Yes,,,,,,,,,,,,,,,No,Yes,Yes,Yes,,,,,,,,,17871.25,Yes,,Yes,,71.22,6883.73,,,,
South Hadley,Kevin Quesnel,7181.0,6500.0,6500.0,Both,,,Both,Bi-weekly,,,,Both,Both,Both,Both,,Yes,,,Yes,75.0,,,Yes,,,,,,,Yes,Yes,Yes,Yes,Yes,Yes,Yes,20.0,,,,,2827.03,No,274.35,Yes,,75.0,,,,819.12,526.96
Southampton,Randall Kemp,2682.0,1002.0,1002.0,Drop-off,,,Drop-off,,,,,Both,Both,Both,Neither,,Yes,,,Yes,75.0,,,Yes,,,,,,,Yes,Yes,Yes,Yes,Yes,Yes,Yes,13.0,Yes,Yes,Yes,Yes,544.89,No,120.49,Yes,,85.0,,,,180.58,123.4
Southbridge,Anna Smith,7303.0,6587.0,6587.0,Curbside,Yes,64.0,Curbside,Bi-weekly,Yes,Yes,96.0,Both,Both,Neither,Neither,Yes,,,,,,,,,Yes,1.0,64.0,,,,No,Yes,Yes,Yes,,,,,Yes,Yes,Yes,,4644.0,No,281.0,No,,,1229.0,,,,
Southwick,Randy Brown,3538.0,2018.0,2038.0,Drop-off,,,Drop-off,,,,,Both,Neither,Neither,Neither,Yes,Yes,,Yes,,110.0,,25.0,,,,,,,,Yes,Yes,Yes,Yes,Yes,,No,,Yes,Yes,Yes,Yes,2024.0,No,0.0,Yes,,74.0,,,,270.0,183.0
Spencer,Billy J. Krukowski,3781.0,1862.0,1862.0,Drop-off,,,Drop-off,,Yes,,,Both,Neither,Both,Both,,,Yes,,Yes,,50.0,,Yes,,,,,,,,,,,,,,,,,,,1320.7,Yes,,Yes,,,350.66,,,,
Springfield,Cristina Ferrera,61000.0,40000.0,40000.0,Curbside,Yes,96.0,Both,Bi-weekly,Yes,Yes,96.0,Both,Neither,Neither,Neither,Yes,Yes,,,,90.0,,,,,,,,,,Yes,Yes,Yes,Yes,Yes,,Yes,40.0,Yes,Yes,Yes,Yes,39348.06,No,859.51,Yes,,73.28,6780.5,,,,
Sterling,Paul Lyons,3482.0,3200.0,3200.0,Curbside,,,Both,Weekly,,,,Both,Both,Neither,Neither,Yes,,,,,,,,,Yes,3.0,30.0,Yes,,No,No,Yes,,,,,,,,,,,2258.0,No,0.0,,,,,,12.0,394.0,350.0
Stoneham,Brett Gonsalves,9500.0,6700.0,6700.0,Curbside,,,Curbside,Weekly,Yes,,,Both,Both,Neither,Neither,Yes,Yes,,,,145.0,,,,Yes,3.0,30.0,,,,No,Yes,Yes,,,,,,,,,,5926.88,Yes,,Yes,,68.35,1888.5,,,,
Sturbridge,"Kenneth Lacey, Jr.",3751.0,1882.0,1882.0,Drop-off,,,Drop-off,,,,,Both,Neither,Both,Neither,Yes,,,,Yes,,,,Yes,,,,,,,Yes,Yes,,,Yes,Yes,No,,Yes,Yes,Yes,,420.0,No,0.0,Yes,,,0.0,12.0,50.0,53.0,200.0
Sudbury,Daniel F. Nason,5481.0,885.0,1787.0,Drop-off,,,Drop-off,,,,,Neither,Neither,Neither,Neither,,Yes,,,,170.0,,,Yes,,,,,,,,,,,,,,,,,,,476.76,Yes,,Yes,,,,,76.0,187.95,195.91
Sutton,Matt Stencel,3600.0,1200.0,1200.0,Drop-off,,,Drop-off,,,,,Recycling,Neither,Neither,Neither,,,Yes,,Yes,,40.0,,Yes,,,,,,,,,,,,,,,,,,,411.4,Yes,,Yes,,68.97,0.0,0.0,85.0,70.0,82.0
Swampscott,Jeff Vaughan,5745.0,4990.0,4990.0,Curbside,,,Curbside,Weekly,Yes,,,Both,Both,Neither,Neither,Yes,,,,,,,,,Yes,2.0,35.0,Yes,Yes,No,,,,,,,,,,,,,4052.52,Yes,,No,52.0,75.0,1536.94,,,,
Swansea,Colleen Brown,6397.0,6090.0,6090.0,Curbside,,,Curbside,Weekly,Yes,Yes,64.0,Both,Both,Neither,Neither,,Yes,,,Yes,120.0,,,Yes,,,,,,,,,,,,,,,,,,,3171.0,Yes,,Yes,,75.89,1815.0,,,,
Taunton,Katherine Nunes,20188.0,16628.0,19565.0,Both,,,Both,Bi-weekly,Yes,Yes,95.0,Both,Both,Neither,Neither,Yes,,,,Yes,,,,Yes,,,,,,,Yes,Yes,,,Yes,,Yes,19.0,,,,,12087.48,Yes,,Yes,52.0,,4498.22,,100.0,,
Tewksbury,Steve Sadwick,10056.0,10056.0,10056.0,Curbside,Yes,64.0,Curbside,Bi-weekly,Yes,Yes,95.0,Both,Both,Neither,Neither,Yes,,,,,,,,,,,,,,,,,,,,,,,,,,,10007.82,No,39.4,No,,70.0,2789.02,,,,
Topsfield,Donna Rich,2208.0,2190.0,2190.0,Curbside,,,Curbside,Bi-weekly,,,,Both,Both,Neither,Neither,Yes,,,,Yes,,,,Yes,,,,,,,,,,,,,,,,,,,1887.1,Yes,,Yes,,,,0.0,,393.6,324.31
Townsend,Carla Hitzenbuhler,3615.0,3450.0,3450.0,Curbside,,,Both,Weekly,Yes,,,Both,Neither,Recycling,Recycling,Yes,,,,,,,,,Yes,2.0,32.0,Yes,Yes,No,,,,,,,,,,,,,2149.68,No,2.09,Yes,,,781.88,,,,
Truro,Jarrod J. Cabral,3348.0,3348.0,3348.0,Drop-off,,,Drop-off,,Yes,,,Both,Both,Both,Both,Yes,Yes,,,,100.0,,,,,,,,,,Yes,Yes,Yes,Yes,Yes,Yes,Yes,0.0,Yes,Yes,Yes,Yes,1047.98,No,61.65,Yes,,71.75,410.48,,,,
Tyngsborough,Kerri Oun,4468.0,3782.0,3782.0,Curbside,Yes,64.0,Curbside,Bi-weekly,Yes,Yes,96.0,Both,Both,Neither,Neither,Yes,,,,,,,,,Yes,2.0,64.0,,Yes,,Yes,Yes,Yes,Yes,,Yes,,,Yes,Yes,Yes,Yes,3741.72,Yes,,Yes,,73.04,1078.0,,,,
Tyringham,Laura Lee Bertram,277.0,205.0,205.0,Drop-off,,,Drop-off,,,,,Both,Neither,Neither,Neither,,,Yes,,,,85.0,,,,,,,,,,,,,,,,,,,,,136.56,Yes,,Yes,,,,,,28.38,20.47
Upton,Diane Tiernan,2962.0,2350.0,2360.0,Curbside,Yes,96.0,Curbside,Weekly,Yes,,,Both,Neither,Neither,Neither,Yes,,,,Yes,,,,Yes,,,,,,,,,,,,,,,,,,,1393.12,No,0.0,Yes,,68.97,815.44,,,,
Wakefield,Claire Moss,8500.0,7238.0,7238.0,Curbside,Yes,64.0,Curbside,Bi-weekly,Yes,,,Both,Neither,Neither,Neither,Yes,,,,,,,,,,,,,,,Yes,Yes,,,Yes,,Yes,40.0,,,,,7275.26,Yes,,No,104.0,66.79,2200.0,,,,
Walpole,Melissa Ranieri,8510.0,7432.0,7432.0,Curbside,,,Both,Bi-weekly,,,,Both,Both,Neither,Neither,Yes,,,,,,,,,Yes,6.0,32.0,,Yes,,,,,,,,,,,,,,8003.86,Yes,,No,,68.18,1743.91,,,,
Waltham,Sarah Kelley,23000.0,19170.0,19170.0,Curbside,,,Curbside,Weekly,Yes,Yes,64.0,Both,Both,Recycling,Trash,Yes,,,,,,,,,,,,,,,,,,,,,,,,,,,21675.69,Yes,,No,,59.09,5062.17,,,,
Wareham,Marilyn Russell,12274.0,0.0,12274.0,Drop-off,,,Drop-off,,,,,Both,Both,Neither,Neither,,,,,,,,,,,,,,,,,,,,,,,,Yes,Yes,,,0.0,No,0.0,,,,,,37.0,25.9,32.7
Warren,Priscilla Clowes,2035.0,578.0,578.0,Drop-off,,,Drop-off,,,,,Both,Neither,Both,Both,Yes,,Yes,,,,80.0,,Yes,,,,,,,,,,,,,,,,,,,458.0,No,16.29,Yes,,,,,,85.49,84.53
Warwick,Jan Ameen,361.0,300.0,300.0,Drop-off,,,Drop-off,,,,,Both,Both,Neither,Neither,Yes,,,,Yes,,,,Yes,,,,,,,No,Yes,Yes,,,,,,,,,,77.86,No,31.62,Yes,,79.0,,,,22.44,26.98
Washington,Michelle Lampro,252.0,252.0,252.0,Drop-off,,,Drop-off,,,,,Both,Neither,Both,Neither,Yes,,,,,,,,,,,,,,,Yes,Yes,,Yes,Yes,,No,,,,,,145.0,No,25.0,Yes,,,,,,19.31,13.62
Watertown,Jesse Myott,13652.0,10000.0,10500.0,Curbside,Yes,64.0,Both,Bi-weekly,Yes,Yes,64.0,Both,Both,Neither,Neither,Yes,,,,,,,,,,,,,,,Yes,Yes,,,Yes,Yes,Yes,10.0,,,,,7760.4,Yes,,Yes,104.0,69.54,2686.2,,,,
Wayland,Anita Martin,5886.0,1895.0,1895.0,Drop-off,,,Drop-off,,Yes,,,Both,Both,Neither,Neither,,,Yes,Yes,Yes,,165.0,40.0,Yes,,,,,,,,,,,,,,,,,,,905.73,Yes,,Yes,,83.0,601.96,,,,
Wellesley,James Manzolini,9310.0,9310.0,9310.0,Drop-off,,,Drop-off,,,,,Both,Recycling,Both,Both,Yes,,,,,,,,,,,,,,,,,,,,,,,,,,,5161.0,Yes,,Yes,,82.25,0.0,124.0,982.0,87.0,356.0
Wellfleet,Mark Vincent,3669.0,3309.0,3309.0,Drop-off,,,Drop-off,,,,,Both,Both,Both,Both,Yes,Yes,,,,25.0,,,Yes,,,,,,,Yes,Yes,Yes,Yes,Yes,,No,,Yes,Yes,Yes,Yes,733.87,No,514.83,Yes,,93.75,,107.84,108.0,50.0,240.0
Wendell,Jan Ameen,375.0,357.0,357.0,Drop-off,,,Drop-off,,,,,Both,Neither,Neither,Neither,Yes,,Yes,,Yes,,15.0,,Yes,,,,,,,No,Yes,Yes,,,,,,,,,,158.4,No,34.56,Yes,,79.0,,,,36.35,33.86
Wenham,Bill Tyack,1389.0,1331.0,1331.0,Curbside,Yes,35.0,Curbside,Weekly,Yes,,,Both,Neither,Both,Neither,Yes,,,,Yes,,,,Yes,,,,,,,Yes,Yes,,Yes,,Yes,,,,,,,893.41,Yes,,No,52.0,66.89,529.54,,,,
West Boylston,Keri Miknaitis,2895.0,2480.0,2480.0,Curbside,,,Curbside,Weekly,Yes,,,Both,Both,Neither,Neither,Yes,,,,Yes,,,,Yes,,,,,,,,,,,,,,,,,,,1456.25,No,0.0,Yes,,70.58,578.82,,7.0,5.1,2.6
West Bridgewater,Sue Kent,2921.0,1823.0,1823.0,Drop-off,,,Drop-off,,Yes,,,Both,Neither,Neither,Neither,Yes,Yes,,,,85.0,,,,,,,,,,,,,,,,,,,,,,1975.03,No,0.0,,,93.75,339.62,,,,
West Springfield,Robert J. Colson,12500.0,8860.0,8860.0,Curbside,Yes,64.0,Curbside,Bi-weekly,Yes,Yes,96.0,Both,Both,Neither,Neither,Yes,,,,,,,,,Yes,2.0,64.0,Yes,Yes,Yes,Yes,Yes,,,Yes,Yes,Yes,19.0,,,,,7348.85,No,0.0,Yes,15.0,67.0,1993.78,,,,
West Tisbury,Donald Hatch,1807.0,850.0,850.0,Drop-off,,,Drop-off,,Yes,,,Both,Both,Both,Both,,,,,Yes,,,,Yes,,,,,,,Yes,Yes,,,Yes,,No,,,,,,468.0,No,0.0,,,165.0,190.0,,,,
Westborough,Steven Baccari,5514.0,4098.0,5000.0,Drop-off,,,Drop-off,,Yes,,,Both,Neither,Neither,Neither,Yes,,Yes,,,,85.0,,,,,,,,,Yes,Yes,,,Yes,,No,,,,,,4538.0,Yes,,Yes,,68.97,1241.0,,,,
Westfield,Joseph Rouse,16096.0,16096.0,16096.0,Both,Yes,64.0,Both,Bi-weekly,Yes,Yes,96.0,Neither,Neither,Neither,Neither,Yes,Yes,Yes,,,85.0,25.0,,,Yes,2.0,64.0,Yes,,No,,,,,,,,,,,,,10547.0,Yes,,Yes,,,2960.0,0.0,88.0,0.0,0.0
Westford,Kristina Greene,7995.0,7995.0,7995.0,Curbside,,,Curbside,Bi-weekly,Yes,,,Both,Both,Neither,Neither,Yes,,,,,,,,,Yes,3.0,32.0,,Yes,,Yes,Yes,,,,Yes,,,,,,,7584.46,Yes,,Yes,,73.04,2453.03,,,,
Westhampton,Kathleen A. Casey,693.0,398.0,398.0,Drop-off,,,Drop-off,,Yes,,,Both,Neither,Both,Neither,,Yes,,,Yes,60.0,,,Yes,,,,,,,Yes,Yes,Yes,Yes,Yes,,No,,,,,,211.57,No,67.0,Yes,,88.0,107.56,,,,
Westminster,Mark Hawke,2987.0,0.0,2987.0,None,,,Both,Weekly,Yes,,,Both,Both,Neither,Neither,Yes,,,,,,,,,,,,,,,,,,,,,,,,,,,2566.0,Yes,,Yes,,,183.45,136.02,161.0,,
Weston,Thomas Cullen,3600.0,1693.0,1693.0,Drop-off,,,Drop-off,,,,,Both,Recycling,Neither,Neither,Yes,Yes,,,,240.0,,,,,,,,,,,,,,,,,,,,,,1410.0,Yes,,No,,,,0.0,313.0,142.0,185.22
Westport,Matthew Armendo,6947.0,1889.0,1889.0,Drop-off,,,Drop-off,,,,,Both,Both,Both,Both,Yes,,,,,,,,Yes,,,,,,,No,Yes,Yes,Yes,,,,,Yes,Yes,,,751.96,Yes,,Yes,,79.0,,25.27,107.0,68.08,244.62
Weymouth,Fred Happel,20346.0,17612.0,17612.0,Both,Yes,64.0,Both,Weekly,Yes,Yes,64.0,Both,Both,Neither,Neither,Yes,Yes,,,,100.0,,,,,,,,,,,,,,,,,,,,,,15722.26,Yes,,No,52.0,71.75,4950.86,,,,
Whately,Jan Ameen,592.0,460.0,460.0,Drop-off,,,Drop-off,,,,,Both,Both,Neither,Neither,Yes,,,,Yes,,,,Yes,,,,,,,No,Yes,Yes,,,,,,Yes,Yes,Yes,,189.61,No,0.0,,,88.0,,,,61.6,38.31
Whitman,Bruce Martin,5196.0,4678.0,4678.0,Curbside,Yes,64.0,Curbside,Weekly,Yes,Yes,64.0,Both,Neither,Neither,Neither,,Yes,,,,285.0,,,,Yes,1.0,64.0,Yes,Yes,No,Yes,Yes,,,Yes,Yes,No,,,,,,3475.42,No,0.0,Yes,,79.0,1275.38,,,,
Wilbraham,Tonya Basch,5729.0,1655.0,1655.0,Drop-off,,,Drop-off,,,,,Both,Neither,Neither,Both,,,Yes,,Yes,,125.0,,Yes,,,,,,,Yes,Yes,Yes,Yes,Yes,,No,,,,,,690.0,Yes,,,,74.25,,,,267.1,135.57
Williamsburg,Kathleen A. Casey,1140.0,852.0,852.0,Drop-off,,,Drop-off,,,,,Both,Neither,Both,Neither,,Yes,,,,100.0,,,,,,,,,,Yes,Yes,Yes,Yes,Yes,,No,,,,,,426.62,No,129.24,Yes,,88.0,,,,133.11,80.23
Williamstown,Linda Cernik,2252.0,933.0,933.0,Drop-off,,,Drop-off,,,,,Both,Recycling,Recycling,Neither,Yes,,Yes,Yes,Yes,,120.0,20.0,Yes,,,,,,,Yes,Yes,Yes,Yes,Yes,,No,,Yes,Yes,Yes,Yes,307.39,No,99.93,Yes,,110.0,,,,167.28,96.31
Wilmington,Jamie Magaldi,7348.0,7348.0,7348.0,Curbside,Yes,64.0,Curbside,Bi-weekly,Yes,Yes,95.0,Both,Both,Neither,Neither,Yes,,,,,,,,,Yes,1.0,64.0,Yes,,No,Yes,Yes,,,Yes,,No,,,,,,7083.0,Yes,,Yes,52.0,69.54,2429.0,,,,
Winchendon,Carlene Breen,4181.0,957.0,957.0,Drop-off,,,Drop-off,,Yes,,,Both,Neither,Both,Both,,Yes,,,Yes,70.0,,,Yes,,,,,,,,,,,,,,,,,,,304.14,No,290.39,Yes,,120.0,181.5,,,,110.81
Winchester,Nick Parlee,8008.0,5137.0,5137.0,Drop-off,,,Drop-off,,Yes,,,Both,Both,Both,Neither,,,Yes,,Yes,,235.0,,,,,,,,,,,,,,,,,,,,,5590.0,Yes,,Yes,,59.5,1486.0,,,,
Windsor,Linda Cernik,400.0,390.0,390.0,Drop-off,,,Drop-off,,,,,Both,Neither,Both,Neither,Yes,,Yes,,Yes,,75.0,,Yes,,,,,,,Yes,Yes,,,Yes,,No,,,,,,131.49,No,44.69,Yes,,110.0,,,,32.84,18.3
Woburn,Meghan Doherty,13218.0,11240.0,11240.0,Curbside,,,Curbside,Bi-weekly,Yes,,,Both,Both,Neither,Neither,Yes,,,,,,,,,,,,,,,,,,,,,,,,,,,13368.65,Yes,,Yes,52.0,,2071.74,,,,
Worcester,Robert J. Fiore,67000.0,53000.0,67000.0,Curbside,,,Both,Weekly,Yes,,,Both,Neither,Recycling,Neither,Yes,,,,Yes,,,,Yes,,,,,,,Yes,Yes,,,Yes,Yes,Yes,40.0,,,,,21899.33,No,0.0,Yes,,68.97,10289.57,,,,
Worthington,Kathleen A. Casey,532.0,362.0,362.0,Drop-off,,,Drop-off,,,,,Both,Both,Both,Neither,,Yes,,,Yes,45.0,,,Yes,,,,,,,Yes,Yes,Yes,Yes,Yes,,No,,,,,,181.94,No,80.55,Yes,,88.0,,,,47.47,43.08
Wrentham,Mike Lavin,4322.0,4048.0,4048.0,Curbside,Yes,35.0,Curbside,Bi-weekly,Yes,Yes,96.0,Both,Both,Neither,Neither,Yes,,,,,,,,Yes,,,,,,,Yes,Yes,,,Yes,Yes,No,,,,,,3082.25,No,0.0,No,12.0,73.0,1276.02,,,,
Yarmouth,Roby Whitehouse,15378.0,9434.0,10143.0,Drop-off,,,Drop-off,,Yes,,,Both,Neither,Neither,Neither,,Yes,,Yes,,162.0,,15.0,,,,,,,,,,,,,,,,,,,,8428.0,No,0.0,Yes,,78.27,,156.0,369.0,204.0,460.0
