,voters,democrat,dem%,republican,rep%,green-rainbow,green%,libertarian,liber%,unenrolled,un%
MONROE.........................................................,81,6,7,6,7,0,0,0,0,69,85
SAVOY.............................................................,494,74,15,27,5,2,0,3,1,381,77
NEW BRAINTREE...........................................,751,112,15,88,12,1,0,4,1,544,72
FLORIDA.........................................................,516,86,17,54,10,0,0,0,0,371,72
NEW ASHFORD..............................................,194,36,19,15,8,0,0,1,1,139,72
OAKHAM....................................................,"1,312",191,15,175,13,0,0,3,0,937,71
ASHBY.............................................................,"2,368",314,13,356,15,4,0,8,0,"1,680",71
ROYALSTON.................................................,911,145,16,105,12,0,0,5,1,645,71
PHILLIPSTON..........................................,"1,205",169,14,169,14,2,0,6,0,849,70
GOSNOLD.......................................................,125,18,14,18,14,0,0,0,0,88,70
WARWICK.......................................................,603,129,21,44,7,1,0,2,0,422,70
CLARKSBURG................................................,"1,146",251,22,84,7,1,0,3,0,800,70
BERNARDSTON.............................................,"1,589",316,20,150,9,1,0,5,0,"1,101",69
HUBBARDSTON.............................................,"3,299",490,15,492,15,4,0,12,0,"2,275",69
SUTTON......................................................,"7,089","1,092",15,"1,055",15,5,0,24,0,"4,883",69
PLYMPTON.....................................................,"2,244",371,17,298,13,3,0,6,0,"1,543",69
MILLVILLE.......................................................,"2,152",356,17,277,13,6,0,8,0,"1,477",69
ERVING...........................................................,"1,126",233,21,99,9,1,0,7,1,772,69
HAWLEY..........................................................,254,54,21,25,10,0,0,0,0,174,69
ROWE.............................................................,279,57,20,30,11,0,0,1,0,191,68
TEMPLETON..................,"5,214",861,17,718,14,0,0,18,0,"3,565",68
ATHOL.............................................................,"6,833","1,180",17,852,12,8,0,36,1,"4,655",68
MONTGOMERY...............................................,600,82,14,96,16,2,0,2,0,407,68
WESTHAMPTON............................................,"1,274",280,22,111,9,7,1,4,0,864,68
BOYLSTON.....................................................,"3,589",627,17,478,13,2,0,23,1,"2,427",68
WINDSOR.......................................................,667,144,22,69,10,1,0,2,0,450,67
WALES............................................................,"1,243",202,16,174,14,5,0,7,1,837,67
ORANGE.........................................................,"4,843",905,19,556,11,2,0,28,1,"3,261",67
TOWNSEND....................................................,"6,481",960,15,"1,063",16,7,0,31,0,"4,363",67
BERLIN............................................................,"2,313",446,19,279,12,6,0,13,1,"1,552",67
MIDDLEBOROUGH.........................................,"16,715","2,932",18,"2,334",14,8,0,97,1,"11,176",67
HOPEDALE.....................................................,"4,037",780,19,503,12,2,0,18,0,"2,699",67
BROOKFIELD..................................................,"2,329",416,18,333,14,1,0,15,1,"1,556",67
HOLLAND........................................................,"1,831",280,15,292,16,3,0,13,1,"1,218",67
SEEKONK.......................................................,"10,398","2,117",20,"1,203",12,7,0,43,0,"6,915",67
CARVER..........................................................,"7,997","1,443",18,"1,105",14,8,0,46,1,"5,318",66
LAKEVILLE......................................................,"8,166","1,265",15,"1,326",16,4,0,50,1,"5,429",66
WEST BOYLSTON..........................................,"5,398","1,072",20,675,13,3,0,23,0,"3,581",66
MERRIMAC.....................................................,"4,958",953,19,655,13,2,0,20,0,"3,284",66
ROWLEY..........................................................,"4,792",815,17,748,16,1,0,14,0,"3,173",66
NORTH BROOKFIELD....................................,"3,394",598,18,492,14,2,0,13,0,"2,247",66
CHARLEMONT................................................,925,208,22,89,10,2,0,4,0,612,66
REHOBOTH....................................................,"9,139","1,402",15,"1,541",17,9,0,50,1,"6,039",66
HARDWICK.....................................................,"1,765",333,19,233,13,4,0,14,1,"1,163",66
BRIMFIELD......................................................,"2,682",414,15,456,17,6,0,16,1,"1,767",66
HALIFAX..........................................................,"5,688","1,052",18,786,14,6,0,30,1,"3,741",66
WARREN.........................................................,"3,250",633,19,453,14,4,0,18,1,"2,136",66
TYNGSBOROUGH..........................................,"8,796","1,771",20,"1,121",13,7,0,33,0,"5,777",66
WESTFORD....................................................,"16,776","3,521",21,"2,061",12,9,0,46,0,"11,008",66
CHARLTON.....................................................,"9,687","1,607",17,"1,596",16,10,0,38,0,"6,350",66
LANCASTER...................................................,"5,087",882,17,766,15,5,0,19,0,"3,334",66
HANCOCK.......................................................,487,96,20,68,14,1,0,2,0,319,66
WESTMINSTER..............................................,"5,759","1,001",17,883,15,8,0,25,0,"3,770",65
UPTON...........................................................,"5,570",993,18,853,15,2,0,26,0,"3,639",65
COLRAIN.........................................................,"1,171",285,24,108,9,1,0,2,0,765,65
FREETOWN....................................................,"6,449","1,334",21,786,12,7,0,33,1,"4,213",65
RUTLAND.......................................,"6,260","1,092",17,992,16,4,0,25,0,"4,089",65
DANVERS.......................................................,"20,716","4,394",21,"2,499",12,15,0,75,0,"13,531",65
BARRE............................................................,"3,624",704,19,487,13,2,0,15,0,"2,365",65
PERU...............................................................,636,138,22,70,11,0,0,0,0,415,65
CHELMSFORD................................................,"24,540","5,432",22,"2,860",12,12,0,79,0,"16,002",65
SHIRLEY..........................................................,"4,005",812,20,518,13,2,0,19,0,"2,609",65
BERKLEY.........................................................,"4,666",895,19,645,14,1,0,22,0,"3,039",65
CHESHIRE......................................................,"2,361",557,24,244,10,0,0,8,0,"1,535",65
HANSON.........................................................,"7,439","1,363",18,"1,123",15,1,0,42,1,"4,832",65
CUMMINGTON................................................,642,170,26,48,7,0,0,4,1,417,65
HINSDALE.......................................................,"1,355",327,24,131,10,1,0,5,0,880,65
EAST BROOKFIELD.......................................,"1,537",274,18,233,15,1,0,9,1,998,65
WINCHENDON...............................................,"6,758","1,247",18,977,14,14,0,40,1,"4,386",65
WILMINGTON.................................................,"16,906","3,798",22,"2,045",12,2,0,57,0,"10,960",65
SPENCER.................................................,"7,710","1,575",20,"1,021",13,7,0,35,0,"4,995",65
HUNTINGTON.................................................,"1,510",291,19,210,14,2,0,8,1,978,65
ROCHESTER..................................................,"4,484",786,18,721,16,4,0,14,0,"2,904",65
NORTON.........................................................,"12,574","2,526",20,"1,697",13,6,0,43,0,"8,141",65
MENDON.........................................................,"4,392",749,17,723,16,3,0,25,1,"2,840",65
EAST BRIDGEWATER....................................,"10,038","1,943",19,"1,418",14,4,0,45,0,"6,490",65
WHITMAN.......................................................,"10,341","2,268",22,"1,207",12,7,0,55,1,"6,684",65
PLAINVILLE.....................................................,"6,424","1,261",20,924,14,6,0,18,0,"4,150",65
DOUGLAS.......................................................,"6,415",968,15,"1,193",19,5,0,30,0,"4,137",64
HUDSON.........................................................,"13,262","3,118",24,"1,399",11,12,0,72,1,"8,549",64
GRANVILLE.....................................................,"1,164",160,14,226,19,3,0,8,1,750,64
UXBRIDGE......................................................,"9,902","1,893",19,"1,422",14,6,0,53,1,"6,380",64
GROVELAND..................................................,"5,122",978,19,779,15,6,0,14,0,"3,299",64
PEMBROKE....................................................,"12,985","2,710",21,"1,831",14,1,0,27,0,"8,360",64
MILLBURY.......................................................,"9,468","2,161",23,"1,096",12,2,0,44,0,"6,095",64
NORTH ATTLEBOROUGH.............................,"19,861","3,729",19,"3,108",16,10,0,94,0,"12,783",64
MOUNT WASHINGTON..................................,129,37,29,9,7,0,0,0,0,83,64
SALISBURY.....................................................,"6,364","1,338",21,834,13,3,0,37,1,"4,093",64
LEICESTER.....................................................,"7,318","1,721",24,813,11,5,0,34,0,"4,706",64
OXFORD......................................,"9,083","1,889",21,"1,181",13,8,0,60,1,"5,837",64
NEW SALEM...................................................,749,181,24,80,11,3,0,3,0,481,64
PLAINFIELD....................................................,469,135,29,30,6,2,0,0,0,301,64
ASHBURNHAM...............................................,"4,335",855,20,609,14,4,0,26,1,"2,782",64
BELLINGHAM..................................................,"10,974","2,291",21,"1,451",13,6,0,56,1,"7,042",64
LITTLETON.....................................................,"7,150","1,647",23,861,12,2,0,24,0,"4,586",64
MATTAPOISETT..............................................,"5,237","1,105",21,721,14,3,0,11,0,"3,357",64
ACUSHNET.....................................................,"7,339","1,996",27,599,8,5,0,15,0,"4,704",64
ROCKLAND.....................................................,"12,044","2,875",24,"1,260",10,7,0,50,0,"7,716",64
BUCKLAND.....................................................,"1,307",378,29,77,6,2,0,4,0,837,64
STERLING.....................................................,"5,978","1,026",17,"1,057",18,2,0,23,0,"3,828",64
BLACKSTONE.................................................,"6,064","1,286",21,769,13,4,0,28,0,"3,883",64
BOXBOROUGH..............................................,"3,731",940,25,376,10,4,0,10,0,"2,388",64
WEST BRIDGEWATER...................................,"5,231",980,19,829,16,5,0,18,0,"3,348",64
LUNENBURG..................................................,"7,799","1,471",19,"1,199",15,3,0,34,0,"4,989",64
DIGHTON........................................................,"5,425","1,092",20,762,14,4,0,32,1,"3,467",64
NORTHBOROUGH...................................,"11,031","2,421",22,"1,461",13,7,0,39,0,"7,049",64
PRINCETON...............................................,"2,782",523,19,443,16,2,0,14,1,"1,775",64
HEATH.............................................................,530,145,27,42,8,1,0,0,0,338,64
MEDWAY.........................................................,"9,589","2,019",21,"1,347",14,4,0,35,0,"6,115",64
MEDFIELD.......................................................,"8,644","1,764",20,"1,277",15,3,0,23,0,"5,512",64
NORTHBRIDGE.........................................,"11,065","1,969",18,"1,844",17,11,0,39,0,"7,054",64
WALPOLE.......................................................,"18,035","4,001",22,"2,376",13,7,0,48,0,"11,479",64
ABINGTON......................................................,"11,822","2,840",24,"1,338",11,6,0,48,0,"7,520",64
HANOVER.......................................................,"10,463","2,100",20,"1,583",15,4,0,38,0,"6,655",64
MIDDLETON....................................................,"6,573","1,256",19,"1,064",16,2,0,28,0,"4,179",64
GROTON.........................................................,"8,143","1,770",22,"1,143",14,4,0,29,0,"5,170",63
PETERSHAM.............................................,947,215,23,114,12,0,0,8,1,601,63
RAYNHAM.......................................................,"11,796","2,491",21,"1,625",14,8,0,53,0,"7,478",63
FOXBOROUGH...............................................,"12,729","2,837",22,"1,703",13,16,0,42,0,"8,066",63
TEWKSBURY..................................................,"22,297","5,145",23,"2,705",12,9,0,89,0,"14,126",63
DUNSTABLE...................................................,"2,449",487,20,380,16,1,0,14,1,"1,550",63
SOUTHAMPTON.............................................,"4,588",998,22,638,14,1,0,11,0,"2,902",63
WAREHAM......................................................,"15,375","3,585",23,"1,805",12,15,0,68,0,"9,723",63
PAXTON.....................................................,"3,243",712,22,435,13,3,0,13,0,"2,050",63
NORTHFIELD..................................................,"2,315",552,24,270,12,1,0,10,0,"1,462",63
ROCKPORT.....................................................,"5,736","1,519",26,526,9,7,0,19,0,"3,622",63
BLANDFORD...................................................,870,131,15,175,20,1,0,6,1,549,63
WRENTHAM...................................................,"8,389","1,505",18,"1,426",17,4,0,49,1,"5,293",63
BOURNE.........................................................,"13,781","2,744",20,"2,117",15,9,0,41,0,"8,694",63
BILLERICA......................................................,"27,857","6,666",24,"3,259",12,12,0,96,0,"17,568",63
TOPSFIELD.....................................................,"4,793",898,19,832,17,2,0,14,0,"3,021",63
PEPPERELL....................................................,"8,242","1,498",18,"1,402",17,4,0,49,1,"5,193",63
OTIS................................................................,"1,113",237,21,169,15,0,0,3,0,701,63
KINGSTON......................................................,"9,562","1,935",20,"1,464",15,7,0,40,0,"6,022",63
ATTLEBORO...................................................,"28,450","6,529",23,"3,508",12,22,0,162,1,"17,914",63
AYER...............................................................,"5,530","1,269",23,678,12,6,0,28,1,"3,475",63
FRANKLIN.......................................................,"23,175","4,988",22,"3,319",14,12,0,73,0,"14,556",63
HOLDEN..........................................................,"13,777","2,839",21,"2,082",15,5,0,51,0,"8,653",63
BRIDGEWATER..............................................,"16,600","3,736",23,"2,123",13,12,0,78,0,"10,421",63
DUDLEY...........................................................,"7,228","1,519",21,"1,036",14,3,0,54,1,"4,532",63
GRAFTON.......................................................,"12,790","2,849",22,"1,737",14,11,0,70,1,"8,017",63
GLOUCESTER................................................,"20,582","5,519",27,"1,875",9,17,0,76,0,"12,895",63
NORFOLK.......................................................,"7,234","1,382",19,"1,284",18,1,0,19,0,"4,531",63
HAMPDEN.......................................................,"3,834",632,16,741,19,3,0,11,0,"2,400",63
ESSEX.............................................................,"2,735",577,21,413,15,1,0,9,0,"1,712",63
HAMILTON......................................................,"5,734","1,146",20,936,16,2,0,19,0,"3,589",63
BOXFORD.......................................................,"6,234",998,16,"1,255",20,1,0,22,0,"3,901",63
DRACUT..........................................................,"21,872","5,350",24,"2,537",12,8,0,100,0,"13,682",63
WASHINGTON................................................,416,118,28,37,9,0,0,0,0,260,63
GEORGETOWN..............................................,"6,107","1,185",19,"1,027",17,2,0,24,0,"3,815",62
NEWBURY.......................................................,"5,231","1,127",22,768,15,4,0,15,0,"3,266",62
MARSHFIELD..................................................,"19,889","4,483",23,"2,757",14,14,0,53,0,"12,417",62
IPSWICH.........................................................,"10,868","2,523",23,"1,441",13,8,0,23,0,"6,778",62
GOSHEN.........................................................,736,191,26,79,11,2,0,3,0,459,62
WENDELL.......................................................,696,232,33,25,4,2,0,2,0,434,62
MANSFIELD....................................................,"16,992","3,826",23,"2,312",14,9,0,74,0,"10,594",62
GRANBY..........................................................,"4,536","1,002",22,668,15,2,0,14,0,"2,823",62
STOW..............................................................,"5,217","1,311",25,615,12,3,0,24,0,"3,242",62
GILL.................................................................,"1,076",306,28,87,8,0,0,2,0,668,62
AUBURN..........................................................,"11,625","2,860",25,"1,330",11,7,0,52,0,"7,215",62
PLYMOUTH.....................................................,"42,456","9,330",22,"5,941",14,23,0,181,0,"26,345",62
BOLTON..........................................................,"3,986",831,21,638,16,2,0,12,0,"2,472",62
RUSSELL........................................................,"1,161",187,16,233,20,1,0,7,1,719,62
WEBSTER.......................................................,"10,545","2,506",24,"1,303",12,9,0,49,0,"6,525",62
LEYDEN..........................................................,574,135,24,74,13,0,0,4,1,355,62
CHESTER........................................................,880,152,17,162,18,3,0,7,1,544,62
LYNNFIELD.....................................................,"9,062","1,718",19,"1,642",18,2,0,28,0,"5,600",62
LANESBOROUGH..........................................,"2,229",588,26,229,10,3,0,11,0,"1,377",62
WARE..............................................................,"6,371","1,515",24,765,12,5,0,40,1,"3,935",62
LEOMINSTER.................................................,"27,092","6,954",26,"2,941",11,32,0,112,0,"16,727",62
WORTHINGTON.............................................,979,267,27,97,10,3,0,5,1,604,62
ASHLAND........................................................,"11,305","3,062",27,"1,172",10,5,0,40,0,"6,964",62
BURLINGTON.................................................,"17,485","4,643",27,"1,895",11,3,0,48,0,"10,769",62
HARVARD........................................................,"4,395","1,144",26,484,11,4,0,18,0,"2,702",61
CHESTERFIELD.............................................,903,240,27,97,11,0,0,3,0,555,61
PALMER..........................................................,"8,205","1,969",24,"1,028",13,7,0,44,1,"5,042",61
LEE..................................................................,"4,137","1,165",28,342,8,6,0,25,1,"2,541",61
DALTON..........................................................,"4,474","1,219",27,473,11,4,0,14,0,"2,744",61
ACTON............................................................,"15,252","4,426",29,"1,312",9,13,0,37,0,"9,350",61
DENNIS...........................................................,"11,705","2,757",24,"1,608",14,9,0,45,0,"7,174",61
WEST BROOKFIELD......................................,"2,635",561,21,402,15,2,0,14,1,"1,613",61
BEVERLY.........................................................,"27,648","7,480",27,"2,811",10,36,0,112,0,"16,923",61
NORTH READING...........................................,"10,940","2,404",22,"1,703",16,3,0,50,0,"6,695",61
BEDFORD.......................................................,"9,788","2,658",27,"1,065",11,4,0,30,0,"5,990",61
SOUTHBOROUGH.....................................,"7,205","1,672",23,"1,050",15,7,0,27,0,"4,407",61
FAIRHAVEN.....................................................,"11,332","3,175",28,"1,053",9,10,0,40,0,"6,931",61
MILFORD.........................................................,"17,366","4,649",27,"1,836",11,15,0,83,0,"10,599",61
NORTH ANDOVER.........................................,"20,019","4,558",23,"3,039",15,6,0,60,0,"12,212",61
SANDWICH.....................................................,"15,568","3,076",20,"2,787",18,8,0,58,0,"9,484",61
ANDOVER.......................................................,"23,864","5,874",25,"3,306",14,20,0,59,0,"14,528",61
PEABODY........................................................,"37,084","10,487",28,"3,581",10,14,0,129,0,"22,555",61
GARDNER.......................................................,"11,632","2,992",26,"1,349",12,7,0,60,1,"7,062",61
SAUGUS..........................................................,"18,264","5,016",27,"1,879",10,13,0,69,0,"11,075",61
SHREWSBURY.........................................,"23,458","5,763",25,"3,212",14,17,0,73,0,"14,182",60
SWANSEA.......................................................,"12,065","3,103",26,"1,475",12,6,0,64,1,"7,294",60
DOVER............................................................,"4,185",803,19,834,20,0,0,6,0,"2,530",60
MONTAGUE....................................................,"6,018","1,911",32,378,6,20,0,23,0,"3,638",60
MILLIS.............................................................,"6,154","1,498",24,852,14,5,0,23,0,"3,719",60
BARNSTABLE.................................................,"32,403","7,498",23,"5,002",15,33,0,117,0,"19,577",60
STURBRIDGE..............................................,"7,007","1,499",21,"1,182",17,5,0,28,0,"4,228",60
MARION..........................................................,"4,019",891,22,648,16,7,0,15,0,"2,424",60
MASHPEE.......................................................,"11,001","2,527",23,"1,654",15,9,0,42,0,"6,632",60
CARLISLE.......................................................,"3,847","1,043",27,452,12,7,0,7,0,"2,319",60
HOLLISTON....................................................,"10,459","2,761",26,"1,286",12,4,0,38,0,"6,300",60
ASHFIELD.......................................................,"1,347",443,33,76,6,4,0,5,0,811,60
EASTON..........................................................,"16,483","3,993",24,"2,352",14,11,0,62,0,"9,922",60
WESTWOOD..................................................,"11,265","2,869",25,"1,555",14,7,0,18,0,"6,769",60
SHARON.........................................................,"12,583","4,017",32,924,7,6,0,37,0,"7,554",60
DUXBURY........................................................,"12,186","2,296",19,"2,413",20,1,0,44,0,"7,308",60
SHELBURNE...................................................,"1,342",442,33,85,6,3,0,5,0,804,60
WAKEFIELD....................................................,"18,624","5,132",28,"2,096",11,12,0,86,0,"11,150",60
WAYLAND.......................................................,"10,224","2,982",29,"1,057",10,7,0,21,0,"6,120",60
WESTBOROUGH...........................................,"12,365","3,203",26,"1,632",13,7,0,38,0,"7,401",60
WENHAM........................................................,"2,747",552,20,527,19,2,0,6,0,"1,644",60
NORWELL.......................................................,"7,904","1,644",21,"1,439",18,3,0,28,0,"4,729",60
TAUNTON........................................................,"32,983","9,643",29,"3,053",9,19,0,186,1,"19,728",60
TOLLAND........................................................,378,70,19,79,21,0,0,1,0,226,60
WEYMOUTH...................................................,"36,481","10,550",29,"3,637",10,20,0,119,0,"21,800",60
FALMOUTH.....................................................,"24,475","6,653",27,"3,008",12,22,0,71,0,"14,611",60
AMESBURY.....................................................,"12,045","3,121",26,"1,495",12,18,0,72,1,"7,183",60
WESTON.........................................................,"8,297","2,054",25,"1,240",15,8,0,15,0,"4,935",59
WHATELY........................................................,"1,174",329,28,135,11,5,0,4,0,698,59
MONSON.........................................................,"5,799","1,331",23,909,16,3,0,27,0,"3,444",59
MANCHESTER-BY-THE-SEA.........................,"4,153",952,23,693,17,6,0,13,0,"2,463",59
SCITUATE.......................................................,"14,492","3,514",24,"2,213",15,9,0,42,0,"8,592",59
HINGHAM........................................................,"17,411","4,035",23,"2,868",16,6,0,48,0,"10,322",59
STONEHAM....................................................,"16,132","4,733",29,"1,655",10,5,0,47,0,"9,547",59
NORTH ADAMS..............................................,"8,361","2,720",33,552,7,16,0,47,1,"4,945",59
MARLBOROUGH............................................,"22,485","6,431",29,"2,421",11,16,0,103,0,"13,296",59
HATFIELD........................................................,"2,581",851,33,185,7,1,0,7,0,"1,524",59
WEST NEWBURY...........................................,"3,482",799,23,574,16,5,0,13,0,"2,056",59
ADAMS............................................................,"5,948","1,869",31,490,8,6,0,28,0,"3,508",59
YARMOUTH....................................................,"19,068","4,758",25,"2,833",15,15,0,63,0,"11,215",59
DEERFIELD.....................................................,"3,644","1,145",31,315,9,2,0,15,0,"2,143",59
HAVERHILL.....................................................,"43,277","11,977",28,"4,999",12,41,0,227,1,"25,447",59
BELCHERTOWN.............................................,"10,447","2,746",26,"1,397",13,16,0,43,0,"6,142",59
CLINTON.........................................................,"9,325","2,696",29,984,11,3,0,46,0,"5,482",59
WINCHESTER................................................,"15,355","4,402",29,"1,808",12,7,0,22,0,"9,024",59
BECKET...........................................................,"1,472",407,28,187,13,2,0,3,0,865,59
HARWICH.......................................................,"10,631","2,663",25,"1,654",16,4,0,32,0,"6,239",59
HOPKINTON...................................................,"11,842","2,714",23,"2,020",17,2,0,49,0,"6,949",59
FITCHBURG....................................................,"23,003","6,825",30,"2,304",10,32,0,132,1,"13,430",58
SWAMPSCOTT...............................................,"10,918","3,389",31,"1,085",10,4,0,22,0,"6,374",58
BREWSTER....................................................,"7,781","2,021",26,"1,117",14,6,0,35,0,"4,542",58
COHASSET.....................................................,"5,981","1,279",21,"1,158",19,0,0,23,0,"3,480",58
MARBLEHEAD................................................,"15,415","4,127",27,"2,095",14,13,0,70,0,"8,958",58
EASTHAM.......................................................,"4,192","1,210",29,505,12,6,0,10,0,"2,434",58
HOLBROOK....................................................,"7,418","2,353",32,669,9,4,0,18,0,"4,306",58
SHERBORN....................................................,"3,159",835,26,460,15,4,0,11,0,"1,832",58
AGAWAM........................................................,"20,827","5,030",24,"3,351",16,22,0,85,0,"12,074",58
SUDBURY........................................................,"12,711","3,559",28,"1,693",13,6,0,23,0,"7,363",58
READING........................................................,"19,847","5,437",27,"2,654",13,13,0,68,0,"11,479",58
TYRINGHAM...................................................,351,105,30,41,12,0,0,2,1,203,58
BRAINTREE....................................................,"26,105","8,023",31,"2,707",10,10,0,71,0,"15,096",58
NORWOOD.....................................................,"20,147","6,403",32,"1,839",9,11,0,82,0,"11,648",58
MAYNARD.......................................................,"7,801","2,447",31,750,10,14,0,29,0,"4,503",58
CHATHAM.......................................................,"5,620","1,210",22,"1,111",20,7,0,14,0,"3,243",58
WEST SPRINGFIELD.....................................,"16,556","4,492",27,"2,297",14,18,0,63,0,"9,514",57
HULL................................................................,"9,006","2,730",30,965,11,5,0,44,0,"5,174",57
WOBURN........................................................,"25,315","7,882",31,"2,533",10,4,0,96,0,"14,526",57
NAHANT..........................................................,"2,662",862,32,243,9,1,0,12,0,"1,527",57
CANTON..........................................................,"16,400","4,978",30,"1,835",11,3,0,43,0,"9,395",57
SOUTHBRIDGE..............................................,"10,884","3,394",31,"1,108",10,6,0,70,1,"6,226",57
NEWBURYPORT.............................................,"14,575","4,331",30,"1,731",12,10,0,54,0,"8,306",57
WALTHAM.......................................................,"33,384","11,501",34,"2,657",8,15,0,122,0,"19,007",57
AVON...............................................................,"3,243","1,061",33,295,9,3,0,14,0,"1,845",57
DARTMOUTH..................................................,"22,240","6,918",31,"2,340",11,18,0,84,0,"12,636",57
SOUTH HADLEY.............................................,"11,299","3,426",30,"1,283",11,10,0,57,1,"6,416",57
WESTFIELD....................................................,"24,493","5,622",23,"4,492",18,36,0,121,0,"13,893",57
SANDISFIELD.................................................,582,181,31,66,11,0,0,5,1,330,57
NATICK............................................................,"22,716","7,345",32,"2,281",10,9,0,67,0,"12,879",57
GREENFIELD..................................................,"11,543","3,853",33,945,8,24,0,54,0,"6,542",57
EASTHAMPTON.............................................,"11,952","4,192",35,810,7,43,0,48,0,"6,767",57
SOUTHWICK...................................................,"6,781","1,237",18,"1,580",23,7,0,36,1,"3,835",57
SOMERSET.....................................................,"12,985","4,136",32,"1,342",10,3,0,60,0,"7,330",56
BELMONT........................................................,"17,274","6,169",36,"1,221",7,14,0,25,0,"9,740",56
WINTHROP.....................................................,"12,793","4,378",34,"1,130",9,7,0,35,0,"7,208",56
SUNDERLAND................................................,"2,366",834,35,163,7,8,0,9,0,"1,332",56
EAST LONGMEADOW....................................,"11,822","2,891",24,"2,117",18,5,0,31,0,"6,648",56
DEDHAM.........................................................,"18,950","6,407",34,"1,677",9,6,0,68,0,"10,636",56
RICHMOND.....................................................,"1,141",392,34,94,8,2,0,2,0,640,56
ORLEANS........................................................,"5,265","1,393",26,894,17,7,0,11,0,"2,936",56
NANTUCKET...................................................,"8,920","2,688",30,"1,141",13,14,0,38,0,"4,972",56
MELROSE.......................................................,"20,041","6,826",34,"1,905",10,12,0,56,0,"11,113",55
FRAMINGHAM................................................,"38,159","13,395",35,"3,135",8,36,0,135,0,"21,125",55
STOUGHTON..................................................,"19,302","6,683",35,"1,619",8,7,0,82,0,"10,685",55
SHEFFIELD.....................................................,"2,351",725,31,301,13,2,0,10,0,"1,299",55
WEST STOCKBRIDGE...................................,"1,160",448,39,61,5,1,0,6,1,640,55
NEEDHAM.......................................................,"22,395","7,422",33,"2,431",11,13,0,40,0,"12,348",55
WELLESLEY....................................................,"17,977","5,251",29,"2,748",15,6,0,43,0,"9,912",55
TISBURY..........................................................,"3,558","1,308",37,265,7,4,0,6,0,"1,961",55
NEW MARLBOROUGH...................................,"1,173",367,31,137,12,4,0,9,1,646,55
LEXINGTON....................................................,"21,609","7,996",37,"1,604",7,12,0,32,0,"11,884",55
WESTPORT.....................................................,"11,999","3,698",31,"1,520",13,7,0,54,0,"6,589",55
METHUEN.......................................................,"31,742","10,198",32,"3,644",11,11,0,130,0,"17,403",55
MIDDLEFIELD.................................................,353,102,29,55,16,0,0,2,1,193,55
WILBRAHAM...................................................,"10,422","2,613",25,"2,007",19,7,0,34,0,"5,686",55
CHICOPEE......................................................,"35,838","11,847",33,"4,004",11,47,0,168,0,"19,400",54
SALEM.............................................................,"30,013","11,185",37,"2,089",7,38,0,149,0,"16,237",54
LINCOLN.........................................................,"4,683","1,658",35,444,9,1,0,20,0,"2,533",54
HADLEY...........................................................,"3,859","1,400",36,341,9,2,0,10,0,"2,083",54
LOWELL..........................................................,"57,861","21,182",37,"4,436",8,46,0,309,1,"31,193",54
LUDLOW.........................................................,"13,642","4,295",31,"1,772",13,13,0,52,0,"7,344",54
QUINCY...........................................................,"57,611","20,943",36,"4,672",8,44,0,252,0,"30,998",54
WILLIAMSBURG.............................................,"1,936",775,40,115,6,5,0,8,0,"1,024",53
CONCORD......................................................,"13,210","4,718",36,"1,440",11,6,0,41,0,"6,968",53
TRURO............................................................,"1,852",740,40,116,6,1,0,4,0,976,53
EDGARTOWN.................................................,"3,717","1,252",34,471,13,4,0,12,0,"1,955",53
OAK BLUFFS..................................................,"3,802","1,404",37,379,10,6,0,12,0,"1,988",52
WEST TISBURY..............................................,"2,521","1,045",41,140,6,4,0,9,0,"1,311",52
MALDEN..........................................................,"31,080","12,900",42,"1,656",5,24,0,109,0,"16,131",52
ALFORD..........................................................,393,166,42,21,5,0,0,1,0,202,51
CONWAY.........................................................,"1,507",575,38,138,9,5,0,3,0,770,51
MEDFORD.......................................................,"38,348","16,023",42,"2,397",6,29,0,113,0,"19,480",51
AQUINNAH......................................................,363,170,47,9,2,0,0,0,0,184,51
WELLFLEET....................................................,"2,863","1,134",40,243,8,9,0,7,0,"1,451",51
LONGMEADOW..............................................,"11,357","3,392",30,"2,088",18,6,0,30,0,"5,735",50
MILTON...........................................................,"20,708","8,491",41,"1,564",8,9,0,43,0,"10,453",50
WATERTOWN.................................................,"23,427","9,798",42,"1,530",7,22,0,78,0,"11,806",50
NEWTON.........................................................,"59,724","25,175",42,"4,010",7,51,0,131,0,"30,026",50
EGREMONT....................................................,999,417,42,66,7,1,0,7,1,502,50
REVERE..........................................................,"27,135","11,267",42,"1,872",7,9,0,103,0,"13,632",50
PITTSFIELD....................................................,"27,529","11,058",40,"2,334",8,55,0,150,1,"13,794",50
WORCESTER.................................................,"98,048","39,433",40,"7,770",8,103,0,421,0,"49,039",50
HOLYOKE........................................................,"25,818","10,633",41,"1,944",8,51,0,99,0,"12,873",50
SHUTESBURY.................................................,"1,416",632,45,62,4,9,1,3,0,704,50
GREAT BARRINGTON....................................,"4,707","2,008",43,309,7,8,0,11,0,"2,320",49
LYNN................................................................,"52,528","22,908",44,"3,176",6,32,0,198,0,"25,813",49
NEW BEDFORD..............................................,"58,270","24,887",43,"3,925",7,65,0,256,0,"28,410",49
CHILMARK......................................................,931,425,46,48,5,3,0,1,0,451,48
ARLINGTON....................................................,"30,839","14,046",46,"1,645",5,29,0,53,0,"14,914",48
STOCKBRIDGE...............................................,"1,644",698,42,143,9,9,1,2,0,784,48
MONTEREY.....................................................,676,276,41,70,10,3,0,4,1,322,48
EVERETT.........................................................,"19,464","9,024",46,999,5,8,0,61,0,"9,200",47
LENOX.............................................................,"3,615","1,559",43,340,9,7,0,13,0,"1,685",47
BROOKLINE....................................................,"36,877","17,601",48,"2,037",6,32,0,76,0,"16,910",46
PELHAM..........................................................,"1,041",513,49,38,4,3,0,3,0,477,46
WILLIAMSTOWN............................................,"4,762","2,267",48,288,6,4,0,16,0,"2,175",46
FALL RIVER.....................................................,"46,842","20,658",44,"3,880",8,51,0,288,1,"21,353",46
LEVERETT.......................................................,"1,477",716,48,77,5,6,0,1,0,672,45
RANDOLPH.....................................................,"20,874","10,279",49,"1,009",5,11,0,43,0,"9,399",45
AMHERST........................................................,"17,683","8,725",49,693,4,53,0,75,0,"7,924",45
CHELSEA........................................................,"16,884","8,304",49,912,5,10,0,72,0,"7,426",44
NORTHAMPTON.............................................,"20,425","10,472",51,701,3,69,0,68,0,"8,956",44
SOMERVILLE..................................................,"53,586","27,960",52,"1,843",3,86,0,215,0,"23,057",43
SPRINGFIELD.................................................,"95,886","46,284",48,"7,234",8,92,0,389,0,"40,998",43
BROCKTON....................................................,"55,123","27,240",49,"3,547",6,36,0,229,0,"23,343",42
BOSTON..........................................................,"415,103","210,570",51,"24,034",6,403,0,"1,443",0,"175,308",42
LAWRENCE....................................................,"39,047","20,873",53,"1,811",5,17,0,123,0,"15,998",41
CAMBRIDGE...................................................,"66,095","37,191",56,"2,094",3,129,0,197,0,"26,097",39
PROVINCETOWN...........................................,"2,879","1,680",58,82,3,2,0,15,1,"1,090",38
