Municipality Name,Solid Waste program funded by property tax?,Solid Waste program funded by annual fee?,Solid Waste program funded by transfer station access fee?,Solid Waste program funded by per-visit fee?,Solid Waste program funded by PAYT/ SMART revenue?,What is the annual fee?,What is the transfer station access fee?,What is the per-visit fee?,PAYT/ SMART,Municipal Buildings Trash and Recycling Service,School Trash and Recycling Service,Business Trash and Recycling Service,Non-resident Trash and Recycling Service,Trash Service Type,Carts for Trash,Does trash disposal tonnage include bulky waste?,Fee for bulky waste?,Annual Bulky Waste Limit,Tip Fee as of 1/1/2020,Enforced Trash Limits at Curb,Maximum # bags/ barrels per week,Trash Enforced by Muni,Trash Enforced by Hauler,Dedicated Trash Enforcement Personnel,Households Served by Municipal Recycling Program,Recycling Service Type,Recycling Collection Frequency,SS Recycling,Carts for Recycling,Enforced Mandatory Recycling,Applies to Residential Generators Eligible to be Served by Municipal Program,Applies to Residential Generators not Eligible to be Served by the Municipal Program,Applies to Commercial Generators,Recycling Enforced by Muni,Recycling Enforced by Hauler,Dedicated Mandatory Recycling Enforcement Personnel,# Hours Enforcement Personnel on Street,Private Hauler regulations that require recycling,Applies to Haulers Serving Residential Generators Eligible to be Served by Municipal Program,Applies to Haulers Serving Residential Generators Not Eligible to be Served by Municipal Program,Applies to Commercial Generators.1,%recycle/hh,Recycle Bin Size Ranking
Abington,Yes,No,No,No,No,0.0,0.0,0.0,No,Both,Both,Neither,Neither,Curbside,Yes,Yes,Yes,0.0,86.5,Yes,1.0,Yes,Yes,Yes,4486.0,Curbside,Weekly,Yes,Yes,Yes,Yes,No,No,Yes,Yes,Yes,20.0,Yes,Yes,Yes,Yes,0.2697325231675852,0.5
Acton,No,No,Yes,Yes,Yes,0.0,100.0,30.0,Yes,Both,Neither,Neither,Both,Drop-off,No,Yes,Yes,0.0,57.16,No,0.0,No,No,No,4335.0,Drop-off,None,No,No,Yes,Yes,Yes,Yes,Yes,No,No,0.0,No,No,No,No,0.3104374563282033,0.0
Acushnet,Yes,No,No,No,No,0.0,0.0,0.0,No,Both,Both,Neither,Neither,Curbside,Yes,No,Yes,0.0,64.6,Yes,1.0,Yes,Yes,No,3591.0,Both,Bi-weekly,Yes,Yes,Yes,Yes,No,No,Yes,Yes,No,0.0,Yes,Yes,No,No,0.21564798630835336,1.0
Adams,Yes,No,Yes,No,Yes,0.0,50.0,0.0,Yes,Both,Neither,Recycling,Neither,Drop-off,No,No,Yes,0.0,110.0,No,0.0,No,No,No,664.0,Drop-off,None,No,No,Yes,Yes,No,Yes,Yes,Yes,No,0.0,Yes,Yes,No,Yes,0.5093768242848803,0.0
Agawam,Yes,No,No,No,No,0.0,0.0,0.0,No,Both,Both,Neither,Neither,Curbside,Yes,No,Yes,30.0,74.0,Yes,1.0,No,Yes,No,8879.0,Curbside,Bi-weekly,Yes,Yes,No,Yes,No,No,No,No,No,0.0,No,No,No,No,0.24991150363421355,0.75
Amesbury,Yes,No,No,No,No,0.0,0.0,0.0,No,Both,Both,Neither,Neither,Curbside,No,Yes,Yes,0.0,68.7,No,0.0,No,No,No,5767.0,Curbside,Bi-weekly,Yes,Yes,No,Yes,No,No,No,No,No,0.0,No,No,No,No,0.2806419750018637,0.5
Amherst,No,No,Yes,No,Yes,0.0,100.0,0.0,Yes,Both,Both,Both,Both,Drop-off,No,Yes,Yes,0.0,83.0,No,0.0,No,No,No,1851.0,Drop-off,None,No,No,Yes,Yes,Yes,Yes,Yes,Yes,No,0.0,Yes,Yes,Yes,Yes,0.2500671232804595,0.0
Andover,Yes,No,No,No,No,0.0,0.0,0.0,No,Both,Both,Neither,Neither,Curbside,No,Yes,No,0.0,72.5,No,0.0,No,No,No,8992.0,Curbside,Bi-weekly,Yes,No,No,No,No,No,No,No,No,0.0,No,No,No,No,0.23163103822693695,1.0
Aquinnah,No,No,No,No,Yes,0.0,0.0,0.0,Yes,Both,Neither,Neither,Both,Drop-off,No,No,No,0.0,168.0,No,0.0,No,No,No,230.0,Drop-off,None,Yes,No,Yes,Yes,No,No,Yes,No,No,0.0,No,No,No,No,0.43373493975903615,0.0
Arlington,Yes,No,No,No,Yes,0.0,0.0,0.0,No,Both,Both,Both,Neither,Curbside,No,Yes,Yes,52.0,67.84,Yes,3.0,Yes,Yes,No,20311.0,Curbside,Weekly,Yes,No,Yes,Yes,No,No,Yes,Yes,No,0.0,No,No,No,No,0.29107540752902544,1.0
Ashby,No,No,No,No,Yes,0.0,0.0,0.0,Yes,Both,Neither,Both,Neither,Drop-off,No,Yes,Yes,0.0,120.0,No,0.0,No,No,No,230.0,Drop-off,None,No,No,No,No,No,No,No,No,No,0.0,Yes,Yes,Yes,No,0.3542803112953669,0.0
Ashfield,No,Yes,No,No,Yes,40.0,0.0,0.0,Yes,Both,Recycling,Both,Both,Drop-off,No,No,Yes,0.0,88.0,No,0.0,No,No,No,424.0,Drop-off,None,No,No,Yes,Yes,Yes,Yes,Yes,No,No,0.0,No,No,No,No,0.3334672405547585,0.0
Ashland,Yes,Yes,No,No,Yes,146.0,0.0,0.0,Yes,Both,Both,Neither,Neither,Curbside,No,Yes,No,12.0,73.23,No,0.0,No,No,No,5941.0,Curbside,Weekly,Yes,Yes,No,No,No,No,No,No,No,0.0,No,No,No,No,0.3810518975482248,0.75
Athol,No,No,Yes,Yes,Yes,0.0,60.0,20.0,Yes,Recycling,Neither,Both,Both,Drop-off,No,No,Yes,0.0,90.0,No,0.0,No,No,No,1094.0,Drop-off,None,No,No,No,No,No,No,No,No,No,0.0,No,No,No,No,0.3862401254972268,0.0
Attleboro,No,Yes,No,No,No,202.68,0.0,0.0,Yes,Both,Both,Neither,Neither,Curbside,No,Yes,No,52.0,73.0,No,0.0,No,No,No,14213.0,Curbside,Weekly,Yes,Yes,Yes,Yes,Yes,Yes,Yes,Yes,Yes,19.0,No,No,No,No,0.2887368200544655,0.5
Auburn,No,Yes,No,No,No,241.0,0.0,0.0,No,Both,Both,Neither,Neither,Curbside,Yes,No,No,0.0,68.97,Yes,1.0,Yes,Yes,Yes,5134.0,Curbside,Bi-weekly,Yes,Yes,Yes,Yes,No,No,Yes,No,Yes,15.0,No,No,No,No,0.23653542242391976,1.0
Avon,Yes,No,No,No,No,0.0,0.0,0.0,No,Both,Both,Neither,Neither,Curbside,Yes,No,Yes,40.0,0.0,No,0.0,No,No,No,1445.0,Curbside,Bi-weekly,Yes,Yes,No,No,No,No,No,No,No,0.0,No,No,No,No,0.2238331035410432,1.0
Ayer,Yes,No,Yes,Yes,Yes,0.0,95.0,15.0,Yes,Both,Neither,Neither,Neither,Drop-off,No,Yes,Yes,0.0,92.5,No,0.0,No,No,No,1188.0,Drop-off,None,Yes,No,No,No,No,No,No,No,No,0.0,Yes,Yes,Yes,Yes,0.2970004917226685,0.0
Barnstable,No,Yes,No,Yes,No,250.0,0.0,20.0,No,Both,Neither,Neither,Neither,Drop-off,No,No,Yes,0.0,60.71,No,0.0,No,No,No,11800.0,Drop-off,None,No,No,No,No,No,No,No,No,No,0.0,No,No,No,No,0.15050655111737818,0.0
Barre,No,No,No,No,Yes,0.0,0.0,0.0,Yes,Recycling,Neither,Both,Neither,Drop-off,No,Yes,Yes,0.0,0.0,No,0.0,No,No,No,880.0,Drop-off,None,No,No,No,No,No,No,No,No,No,0.0,No,No,No,No,0.18481138119009347,0.0
Becket,Yes,No,Yes,No,Yes,0.0,50.0,0.0,Yes,Both,Neither,Both,Both,Drop-off,No,No,Yes,0.0,92.0,No,0.0,No,No,No,1779.0,Drop-off,None,No,No,Yes,Yes,No,Yes,Yes,No,No,0.0,No,No,No,No,0.1679056856614128,0.0
Bedford,Yes,No,No,No,Yes,0.0,0.0,0.0,No,Both,Both,Neither,Neither,Curbside,Yes,Yes,No,52.0,73.04,No,0.0,No,No,No,4508.0,Curbside,Weekly,Yes,Yes,No,No,No,No,No,No,No,0.0,No,No,No,No,0.2583130346116807,0.5
Belchertown,No,Yes,Yes,Yes,Yes,100.0,100.0,20.0,Yes,Both,Neither,Neither,Neither,Drop-off,No,Yes,Yes,0.0,77.5,No,0.0,No,No,No,1818.0,Drop-off,None,No,No,Yes,Yes,No,No,Yes,No,Yes,0.0,No,No,No,No,0.2674465510286406,0.0
Belmont,Yes,No,No,No,No,0.0,0.0,0.0,No,Both,Both,Neither,Neither,Curbside,Yes,Yes,No,52.0,69.54,Yes,1.0,Yes,Yes,No,9810.0,Curbside,Bi-weekly,Yes,Yes,Yes,Yes,No,No,Yes,Yes,No,0.0,No,No,No,No,0.3023595834176845,1.0
Berkley,Yes,Yes,No,No,No,40.0,0.0,0.0,Yes,Both,Neither,Neither,Neither,Drop-off,No,Yes,Yes,0.0,0.0,No,0.0,No,No,No,1067.0,Drop-off,None,No,No,Yes,Yes,No,No,Yes,No,Yes,0.0,No,No,No,No,0.3040705967511869,0.0
Berlin,Yes,Yes,No,No,No,135.0,0.0,0.0,No,Trash,Neither,Neither,Neither,Drop-off,No,Yes,Yes,0.0,94.0,No,0.0,No,No,No,860.0,Drop-off,None,No,No,Yes,Yes,No,No,Yes,No,No,0.0,No,No,No,No,0.22376009227220295,0.0
Bernardston,Yes,No,No,No,Yes,0.0,0.0,0.0,Yes,Both,Neither,Neither,Both,Drop-off,No,No,Yes,0.0,79.0,No,0.0,No,No,No,650.0,Drop-off,None,No,No,No,Yes,Yes,No,No,No,No,0.0,No,No,No,No,0.2813397129186603,0.0
Beverly,Yes,Yes,No,No,Yes,100.0,0.0,0.0,No,Both,Both,Both,Neither,Curbside,No,Yes,No,52.0,67.0,Yes,2.0,Yes,Yes,No,12625.0,Curbside,Weekly,No,No,No,Yes,No,No,No,No,No,0.0,No,No,No,No,0.2348786885245901,1.0
Billerica,Yes,No,No,No,No,0.0,0.0,0.0,No,Both,Both,Neither,Neither,Curbside,Yes,Yes,Yes,0.0,71.75,Yes,1.0,Yes,Yes,No,13567.0,Curbside,Weekly,Yes,Yes,Yes,Yes,No,No,Yes,Yes,No,0.0,No,No,No,No,0.24440052700922266,0.5
Blandford,Yes,Yes,No,No,No,85.0,0.0,0.0,No,Both,Neither,Both,Neither,Drop-off,No,Yes,Yes,0.0,0.0,No,0.0,No,No,No,300.0,Drop-off,None,No,No,Yes,Yes,No,No,Yes,Yes,Yes,7.0,No,No,No,No,0.6344222330570454,0.0
Bolton,Yes,No,No,No,Yes,0.0,0.0,0.0,Yes,Both,Both,Both,Neither,Drop-off,No,Yes,Yes,0.0,83.0,No,0.0,No,No,No,2130.0,Drop-off,None,No,No,No,No,No,No,No,No,No,0.0,No,No,No,No,0.2996639895099165,0.0
Boston,Yes,No,No,No,No,0.0,0.0,0.0,No,Both,Recycling,Neither,Neither,Curbside,No,Yes,No,0.0,92.0,No,0.0,No,No,No,260000.0,Curbside,Weekly,Yes,Yes,No,No,No,No,No,No,No,0.0,Yes,No,No,Yes,0.16454746117257274,0.5
Bourne,No,No,Yes,No,No,0.0,30.0,0.0,No,Both,Both,Recycling,Both,Both,Yes,No,Yes,0.0,0.0,Yes,1.0,No,No,No,8135.0,Both,Weekly,Yes,Yes,Yes,Yes,Yes,Yes,Yes,No,No,0.0,No,No,No,No,0.4364515320382419,1.0
Boxborough,Yes,No,Yes,No,No,0.0,150.0,0.0,No,Both,Neither,Neither,Neither,Drop-off,No,No,No,0.0,73.0,No,0.0,No,No,No,969.0,Drop-off,None,Yes,No,No,No,No,No,No,No,No,0.0,No,No,No,No,0.30241325819309994,0.0
Boxford,Yes,No,No,No,Yes,0.0,0.0,0.0,Yes,Both,Both,Recycling,Recycling,Curbside,No,No,Yes,0.0,80.0,No,0.0,No,No,No,2753.0,Both,Weekly,Yes,No,Yes,Yes,Yes,Yes,No,Yes,No,0.0,No,No,No,No,0.3388474360254709,1.0
Braintree,No,Yes,No,No,No,150.0,0.0,0.0,No,Both,Both,Neither,Neither,Both,Yes,Yes,No,104.0,24.0,Yes,1.0,Yes,Yes,Yes,10373.0,Both,Weekly,Yes,Yes,Yes,Yes,No,No,Yes,Yes,Yes,30.0,No,No,No,No,0.2233981094977959,0.5
Brewster,Yes,Yes,Yes,No,Yes,50.0,10.0,0.0,Yes,Both,Neither,Recycling,Both,Drop-off,No,No,Yes,0.0,67.88,No,0.0,No,No,No,3509.0,Drop-off,None,No,No,No,No,No,No,No,No,No,0.0,No,No,No,No,0.3398419172050384,0.0
Brockton,No,Yes,No,No,Yes,280.0,0.0,0.0,Yes,Both,Recycling,Neither,Neither,Curbside,Yes,Yes,Yes,52.0,0.0,No,0.0,No,No,No,26422.0,Both,Bi-weekly,Yes,Yes,No,No,No,No,No,No,No,0.0,No,No,No,No,0.2265608106020821,1.0
Brookfield,Yes,Yes,No,No,Yes,85.0,0.0,0.0,Yes,Both,Neither,Neither,Neither,Drop-off,No,Yes,Yes,0.0,78.5,No,0.0,No,No,No,580.0,Drop-off,None,Yes,No,Yes,Yes,No,No,Yes,Yes,No,0.0,No,No,No,No,0.20452212957023733,0.0
Brookline,No,No,No,No,Yes,0.0,0.0,0.0,Yes,Both,Both,Both,Neither,Curbside,Yes,Yes,No,0.0,78.0,No,0.0,No,No,No,13310.0,Curbside,Weekly,Yes,Yes,Yes,Yes,Yes,Yes,Yes,Yes,Yes,40.0,Yes,Yes,Yes,Yes,0.3591376400184134,0.75
Buckland,Yes,No,No,No,Yes,0.0,0.0,0.0,Yes,Both,Neither,Neither,Neither,Drop-off,No,No,No,0.0,79.0,No,0.0,No,No,No,620.0,Drop-off,None,No,No,No,Yes,Yes,No,No,No,No,0.0,No,No,No,No,0.3387952235621796,0.0
Burlington,Yes,No,No,No,No,0.0,0.0,0.0,No,Both,Both,Neither,Neither,Curbside,Yes,Yes,Yes,208.0,70.0,No,0.0,No,No,No,7023.0,Curbside,Weekly,Yes,Yes,Yes,Yes,No,No,Yes,Yes,No,0.0,No,No,No,No,0.28419595745564835,0.5
Cambridge,Yes,No,No,No,No,0.0,0.0,0.0,No,Both,Both,Recycling,Neither,Curbside,No,Yes,Yes,0.0,102.68,No,0.0,No,No,No,44700.0,Curbside,Weekly,Yes,Yes,Yes,Yes,Yes,Yes,Yes,No,Yes,60.0,Yes,Yes,Yes,Yes,0.3252236807006219,0.75
Canton,Yes,No,No,No,No,0.0,0.0,0.0,No,Both,Both,Neither,Neither,Curbside,No,No,No,0.0,69.89,Yes,1.0,No,No,No,7459.0,Curbside,Bi-weekly,Yes,No,No,No,No,No,No,No,No,0.0,No,No,No,No,0.22014862956893214,1.0
Carlisle,Yes,No,Yes,No,No,0.0,25.0,0.0,No,Both,Both,Both,Neither,Drop-off,No,Yes,No,0.0,69.54,No,0.0,No,No,No,1600.0,Drop-off,None,No,No,No,No,No,No,No,No,No,0.0,No,No,No,No,0.2414544383924628,0.0
Charlemont,Yes,No,No,No,Yes,0.0,0.0,0.0,Yes,Both,Neither,Neither,Neither,Drop-off,No,No,No,0.0,79.0,No,0.0,No,No,No,440.0,Drop-off,None,No,No,No,Yes,No,No,No,No,No,0.0,No,No,No,No,0.31561622191011235,0.0
Chatham,Yes,Yes,No,Yes,No,90.0,0.0,5.0,No,Both,Both,Both,Both,Drop-off,No,Yes,Yes,0.0,90.0,No,0.0,No,No,No,3160.0,Drop-off,None,Yes,No,Yes,Yes,Yes,Yes,Yes,No,No,0.0,Yes,Yes,Yes,Yes,0.1745196045048923,0.0
Chelmsford,Yes,No,No,No,No,0.0,0.0,0.0,No,Both,Both,Neither,Neither,Curbside,No,Yes,No,0.0,73.04,No,0.0,No,No,No,12259.0,Curbside,Bi-weekly,Yes,No,No,No,No,No,No,No,No,0.0,No,No,No,No,0.22839149254214444,1.0
Cheshire,Yes,No,Yes,No,Yes,0.0,150.0,0.0,Yes,Both,Neither,Neither,Neither,Drop-off,No,No,Yes,0.0,110.0,No,0.0,No,No,No,835.0,Drop-off,None,No,No,No,Yes,No,Yes,No,No,No,0.0,No,No,No,No,0.14408362409694372,0.0
Chester,Yes,Yes,No,No,No,65.0,0.0,0.0,Yes,Both,Neither,Neither,Neither,Drop-off,No,No,Yes,0.0,88.0,No,0.0,No,No,No,218.0,Drop-off,None,No,No,Yes,Yes,No,No,Yes,Yes,Yes,7.0,No,No,No,No,0.2403881632351856,0.0
Chesterfield,No,Yes,No,No,Yes,25.0,0.0,0.0,Yes,Both,Neither,Both,Neither,Drop-off,No,No,Yes,0.0,88.0,No,0.0,No,No,No,211.0,Drop-off,None,No,No,Yes,Yes,Yes,Yes,Yes,No,No,0.0,No,No,No,No,0.25173398612811104,0.0
Chicopee,Yes,No,No,No,Yes,0.0,0.0,0.0,Yes,Both,Neither,Both,Neither,Curbside,Yes,No,No,0.0,75.0,No,0.0,No,No,No,18869.0,Both,Bi-weekly,Yes,Yes,Yes,Yes,Yes,Yes,Yes,No,Yes,19.0,Yes,Yes,Yes,Yes,0.2949371218988925,0.75
Chilmark,No,No,No,No,Yes,0.0,0.0,0.0,Yes,Both,Both,Both,Both,Drop-off,No,No,No,0.0,95.0,No,0.0,No,No,No,450.0,Drop-off,None,Yes,No,Yes,Yes,No,No,Yes,No,No,0.0,No,No,No,No,0.3089887640449438,0.0
Clinton,Yes,Yes,No,No,No,168.0,0.0,0.0,Yes,Both,Both,Recycling,Recycling,Curbside,No,No,Yes,0.0,75.32,No,0.0,No,No,No,4346.0,Both,Bi-weekly,Yes,Yes,Yes,Yes,No,No,Yes,No,No,0.0,Yes,Yes,Yes,Yes,0.31351334350280713,1.0
Cohasset,Yes,Yes,No,No,Yes,50.0,0.0,0.0,Yes,Both,Recycling,Both,Neither,Drop-off,No,No,Yes,0.0,81.37,No,0.0,No,No,No,2460.0,Drop-off,None,No,No,No,Yes,No,No,No,No,No,0.0,Yes,Yes,Yes,Yes,0.26699507389162563,0.0
Colrain,Yes,No,No,No,Yes,0.0,0.0,0.0,Yes,Both,Neither,Neither,Neither,Drop-off,No,No,Yes,0.0,79.0,No,0.0,No,No,No,645.0,Drop-off,None,No,No,No,Yes,Yes,No,No,No,No,0.0,No,No,No,No,0.2787324566250414,0.0
Concord,No,Yes,No,No,Yes,272.0,0.0,0.0,Yes,Both,Both,Neither,Neither,Curbside,No,No,Yes,0.0,79.0,No,0.0,No,No,No,3800.0,Curbside,Weekly,No,No,No,No,No,No,No,No,No,0.0,No,No,No,No,0.5111538052265451,1.0
Conway,Yes,No,Yes,No,No,0.0,10.0,0.0,No,Both,Neither,Neither,Neither,Drop-off,No,No,Yes,0.0,79.0,No,0.0,No,No,No,648.0,Drop-off,None,No,No,No,Yes,Yes,No,No,No,No,0.0,No,No,No,No,0.2631272789183207,0.0
Cummington,No,Yes,No,No,Yes,40.0,0.0,0.0,Yes,Both,Neither,Both,Neither,Drop-off,No,No,Yes,0.0,88.0,No,0.0,No,No,No,273.0,Drop-off,None,Yes,No,Yes,Yes,Yes,Yes,Yes,No,No,0.0,Yes,Yes,Yes,Yes,0.25182746975590986,0.0
Dalton,No,No,Yes,No,No,0.0,82.09,0.0,Yes,Neither,Neither,Neither,Neither,Drop-off,No,No,No,0.0,0.0,No,0.0,No,No,No,740.0,Drop-off,None,No,No,Yes,Yes,No,No,Yes,No,No,0.0,Yes,Yes,Yes,Yes,0.2279223367306269,0.0
Danvers,Yes,No,No,No,No,0.0,0.0,0.0,No,Both,Both,Neither,Neither,Both,No,Yes,Yes,0.0,77.25,Yes,3.0,No,Yes,No,7747.0,Both,Weekly,No,No,Yes,Yes,No,No,No,Yes,No,0.0,No,No,No,No,0.2649777797513529,1.0
Dartmouth,No,Yes,Yes,Yes,Yes,90.0,50.0,10.0,Yes,Recycling,Recycling,Recycling,Neither,Both,No,No,Yes,0.0,0.0,No,0.0,No,No,No,10084.0,Both,Weekly,No,Yes,No,Yes,No,No,No,No,No,0.0,Yes,Yes,Yes,Yes,0.332763642490913,0.5
Dedham,Yes,No,No,No,No,0.0,0.0,0.0,No,Both,Both,Neither,Neither,Curbside,Yes,No,No,0.0,68.97,No,0.0,No,No,No,7856.0,Curbside,Bi-weekly,Yes,Yes,Yes,Yes,No,No,No,Yes,No,0.0,No,No,No,No,0.29462224136001924,1.0
Deerfield,Yes,No,Yes,No,Yes,0.0,65.0,0.0,Yes,Both,Neither,Neither,Neither,Drop-off,No,No,Yes,0.0,0.0,No,0.0,No,No,No,1317.0,Drop-off,None,No,No,No,Yes,Yes,No,No,No,No,0.0,No,No,No,No,0.3119270118251472,0.0
Dennis,No,Yes,No,Yes,No,182.0,0.0,10.0,No,Recycling,Neither,Recycling,Both,Drop-off,No,No,Yes,0.0,98.0,No,0.0,No,No,No,7031.0,Drop-off,None,No,No,No,No,No,No,No,No,No,0.0,No,No,No,No,0.19637526652452025,0.0
Dighton,Yes,No,Yes,No,Yes,0.0,15.0,0.0,Yes,Both,Neither,Neither,Neither,Curbside,No,No,Yes,0.0,74.51,No,0.0,No,No,No,2762.0,Curbside,Weekly,Yes,No,No,No,No,No,No,No,No,0.0,No,No,No,No,0.2619952859799358,1.0
Douglas,No,No,Yes,No,No,0.0,200.0,0.0,No,Both,Neither,Neither,Neither,Drop-off,No,No,Yes,0.0,0.0,No,0.0,No,No,No,1288.0,Drop-off,None,No,No,No,No,No,No,No,No,No,0.0,Yes,Yes,Yes,No,0.13574007220216608,0.0
Dover,Yes,No,No,No,No,0.0,0.0,0.0,No,Both,Neither,Neither,Neither,Drop-off,No,No,No,0.0,70.01,No,0.0,No,No,No,1502.0,Drop-off,None,No,No,No,No,No,No,No,No,No,0.0,No,No,No,No,0.26966966966966965,0.0
Dracut,Yes,No,No,No,No,0.0,0.0,0.0,No,Both,Both,Neither,Neither,Curbside,Yes,Yes,Yes,52.0,73.04,No,0.0,No,No,No,10660.0,Curbside,Bi-weekly,Yes,Yes,No,No,No,No,No,No,No,0.0,No,No,No,No,0.2224014125014558,0.75
Dudley,No,No,Yes,No,No,0.0,245.0,0.0,No,Both,Neither,Neither,Neither,Drop-off,No,Yes,Yes,0.0,0.0,No,0.0,No,No,No,873.0,Drop-off,None,Yes,No,No,No,No,No,No,No,No,0.0,No,No,No,No,0.24856156501726126,0.0
Dunstable,No,Yes,No,No,No,300.0,0.0,0.0,Yes,Both,Neither,Neither,Neither,Curbside,Yes,No,Yes,0.0,0.0,No,0.0,No,No,No,277.0,Curbside,Weekly,Yes,Yes,No,Yes,Yes,Yes,No,No,No,0.0,No,No,No,No,0.4506172839506172,0.5
Duxbury,Yes,Yes,No,No,Yes,55.0,0.0,0.0,Yes,Both,Neither,Both,Both,Drop-off,No,No,Yes,0.0,65.0,No,0.0,No,No,No,5366.0,Drop-off,None,No,No,Yes,Yes,No,No,Yes,No,No,0.0,Yes,Yes,Yes,Yes,0.3985439173320808,0.0
East Bridgewater,No,Yes,Yes,No,Yes,300.0,75.0,0.0,No,Both,Both,Neither,Neither,Both,Yes,Yes,No,0.0,71.78,No,0.0,No,No,No,2687.0,Both,Bi-weekly,Yes,Yes,No,No,No,No,No,No,No,0.0,No,No,No,No,0.23847019122609675,1.0
East Brookfield,Yes,Yes,No,No,Yes,135.0,0.0,0.0,Yes,Both,Both,Both,Neither,Both,No,Yes,Yes,0.0,78.83,No,0.0,No,No,No,939.0,Curbside,Bi-weekly,Yes,Yes,No,No,No,No,No,No,No,0.0,No,No,No,No,0.19501742488461904,0.25
East Longmeadow,Yes,No,Yes,No,Yes,0.0,50.0,0.0,Yes,Both,Both,Neither,Neither,Curbside,Yes,No,Yes,0.0,76.0,No,0.0,No,No,No,5644.0,Curbside,Weekly,No,No,Yes,Yes,Yes,Yes,Yes,Yes,Yes,2.0,Yes,No,No,Yes,0.2770155946635209,1.0
Eastham,Yes,Yes,No,Yes,No,120.0,0.0,10.0,No,Both,Both,Both,Both,Drop-off,No,No,Yes,0.0,73.54,No,0.0,No,No,No,3759.0,Drop-off,None,No,No,No,No,No,No,No,No,No,0.0,No,No,No,No,0.16806851849979265,0.0
Edgartown,No,No,No,No,Yes,0.0,0.0,0.0,Yes,Both,Both,Both,Both,Drop-off,No,No,Yes,0.0,95.0,No,0.0,No,No,No,1750.0,Drop-off,None,Yes,No,Yes,Yes,No,No,Yes,No,No,0.0,No,No,No,No,0.16030534351145034,0.0
Egremont,Yes,No,No,No,No,0.0,0.0,0.0,No,Both,Neither,Both,Neither,Drop-off,No,No,Yes,0.0,92.0,No,0.0,No,No,No,820.0,Drop-off,None,No,No,Yes,Yes,No,Yes,Yes,Yes,No,0.0,Yes,Yes,No,Yes,0.3239451114922813,0.0
Erving,Yes,No,No,No,No,0.0,0.0,0.0,No,Both,Both,Neither,Neither,Curbside,No,No,Yes,0.0,90.0,No,0.0,No,No,No,589.0,Curbside,Weekly,No,No,No,Yes,No,No,No,No,No,0.0,No,No,No,No,0.24607876609161924,1.0
Fairhaven,Yes,No,Yes,No,No,0.0,20.0,0.0,No,Both,Both,Neither,Neither,Curbside,Yes,Yes,Yes,52.0,68.6,Yes,1.0,Yes,Yes,No,6114.0,Both,Bi-weekly,Yes,Yes,Yes,Yes,Yes,No,Yes,Yes,No,0.0,Yes,Yes,No,No,0.2269993898981268,1.0
Fall River,Yes,No,No,No,No,0.0,0.0,0.0,No,Both,Both,Neither,Neither,Both,Yes,Yes,Yes,780.0,96.0,No,0.0,No,No,No,31045.0,Curbside,Weekly,Yes,Yes,No,No,No,No,No,No,No,0.0,No,No,No,No,0.2521895769923598,0.75
Falmouth,Yes,No,Yes,No,No,0.0,40.0,0.0,No,Both,Both,Neither,Neither,Both,No,No,Yes,0.0,60.0,No,0.0,No,No,No,21000.0,Curbside,Bi-weekly,Yes,No,No,No,No,No,No,No,No,0.0,No,No,No,No,0.2012035040552854,1.0
Fitchburg,Yes,No,No,No,No,0.0,0.0,0.0,No,Both,Both,Neither,Neither,Both,Yes,No,Yes,0.0,45.51,No,0.0,No,No,No,13500.0,Both,Bi-weekly,Yes,Yes,Yes,Yes,No,No,Yes,No,No,0.0,Yes,Yes,No,Yes,0.1865583491712942,1.0
Florida,Yes,No,Yes,No,No,0.0,10.0,0.0,No,Both,Both,Both,Neither,Drop-off,No,No,Yes,0.0,110.0,No,0.0,No,No,No,211.0,Drop-off,None,No,No,No,Yes,No,No,No,No,No,0.0,No,No,No,No,0.10415970344261798,0.0
Framingham,Yes,No,No,No,No,0.0,0.0,0.0,No,Both,Both,Recycling,Neither,Both,Yes,Yes,Yes,0.0,76.5,No,0.0,No,No,No,18277.0,Both,Weekly,Yes,Yes,No,No,No,No,No,No,No,0.0,No,No,No,No,0.2404929037182508,1.0
Franklin,No,Yes,No,No,No,242.0,0.0,0.0,No,Recycling,Recycling,Recycling,Neither,Curbside,Yes,Yes,Yes,52.0,68.97,Yes,3.0,Yes,Yes,No,9310.0,Both,Weekly,Yes,Yes,Yes,Yes,No,No,Yes,Yes,No,0.0,Yes,No,Yes,Yes,0.3052858683926645,0.75
Freetown,Yes,No,No,No,Yes,0.0,0.0,0.0,Yes,Both,Neither,Neither,Neither,Curbside,No,No,Yes,0.0,90.0,No,0.0,No,No,No,2349.0,Curbside,Weekly,Yes,No,No,No,No,No,No,No,No,0.0,No,No,No,No,0.30852145617246285,1.0
Gardner,No,Yes,No,No,No,200.0,0.0,0.0,No,Both,Both,Recycling,Neither,Both,Yes,No,Yes,0.0,76.0,No,0.0,No,No,No,6567.0,Both,Bi-weekly,Yes,Yes,No,No,No,No,No,No,No,0.0,No,No,No,No,0.24913516616221576,0.5
Gill,Yes,No,No,No,Yes,0.0,0.0,0.0,Yes,Both,Both,Neither,Neither,Curbside,No,No,No,0.0,90.0,No,0.0,No,No,No,511.0,Curbside,Weekly,No,No,No,Yes,Yes,No,No,No,No,0.0,No,No,No,No,0.3912839894310847,1.0
Gloucester,Yes,No,No,No,Yes,0.0,0.0,0.0,Yes,Both,Both,Neither,Neither,Curbside,No,Yes,Yes,0.0,72.0,No,0.0,No,No,No,12850.0,Curbside,Weekly,Yes,No,Yes,Yes,Yes,Yes,No,Yes,No,0.0,Yes,No,Yes,Yes,0.3195199578341341,1.0
Goshen,No,Yes,No,No,Yes,30.0,0.0,0.0,Yes,Both,Neither,Both,Neither,Drop-off,No,No,Yes,0.0,88.0,No,0.0,No,No,No,203.0,Drop-off,None,No,No,Yes,Yes,Yes,Yes,Yes,No,No,0.0,No,No,No,No,0.30096920341801914,0.0
Grafton,Yes,No,No,No,Yes,0.0,0.0,0.0,Yes,Both,Both,Neither,Neither,Curbside,No,Yes,Yes,0.0,71.89,No,0.0,No,No,No,4650.0,Curbside,Bi-weekly,Yes,Yes,No,No,No,No,No,No,No,0.0,No,No,No,No,0.30771173422401304,1.0
Granville,Yes,No,No,No,Yes,0.0,0.0,0.0,Yes,Both,Both,Both,Neither,Drop-off,No,Yes,Yes,0.0,74.0,No,0.0,No,No,No,450.0,Drop-off,None,Yes,No,Yes,Yes,No,No,Yes,No,No,0.0,Yes,Yes,No,No,0.2956005138086063,0.0
Greenfield,Yes,No,No,No,Yes,0.0,0.0,0.0,Yes,Both,Recycling,Neither,Both,Both,No,Yes,Yes,0.0,0.0,No,0.0,No,No,No,5092.0,Both,Bi-weekly,No,No,No,Yes,No,No,No,No,No,0.0,No,No,No,No,0.2711387828881301,1.0
Groton,Yes,No,Yes,No,Yes,0.0,60.0,0.0,Yes,Both,Recycling,Both,Recycling,Drop-off,No,No,Yes,0.0,92.5,No,0.0,No,No,No,3917.0,Drop-off,None,No,No,No,No,No,No,No,No,No,0.0,No,No,No,No,0.1141990845713716,0.0
Halifax,No,No,No,No,Yes,0.0,0.0,0.0,Yes,Both,Both,Neither,Neither,Curbside,No,No,Yes,0.0,86.0,No,0.0,No,No,No,3184.0,Both,Bi-weekly,Yes,No,Yes,Yes,Yes,Yes,Yes,No,No,0.0,Yes,Yes,Yes,Yes,0.3160089627500977,1.0
Hamilton,Yes,No,No,No,Yes,0.0,0.0,0.0,Yes,Both,Neither,Both,Neither,Curbside,Yes,Yes,Yes,52.0,69.54,No,0.0,No,No,No,2923.0,Curbside,Weekly,Yes,No,No,No,No,No,No,No,No,0.0,No,No,No,No,0.3933438195350265,1.0
Hampden,No,No,Yes,No,Yes,0.0,40.0,0.0,Yes,Neither,Neither,Neither,Neither,Drop-off,No,No,No,0.0,131.09,No,0.0,No,No,No,600.0,Drop-off,None,No,No,No,Yes,No,No,No,No,No,0.0,No,No,No,No,0.6861238639557763,0.0
Hancock,Yes,No,Yes,No,No,0.0,10.0,0.0,No,Both,Both,Both,Neither,Drop-off,No,No,Yes,0.0,110.0,No,0.0,No,No,No,250.0,Drop-off,None,No,No,No,Yes,No,No,No,No,No,0.0,No,No,No,No,0.1699604743083004,0.0
Hanover,Yes,No,No,No,No,0.0,0.0,0.0,No,Both,Both,Neither,Neither,Drop-off,No,No,Yes,0.0,86.0,No,0.0,No,No,No,5000.0,Drop-off,None,No,No,No,Yes,Yes,Yes,No,No,No,0.0,Yes,Yes,Yes,Yes,0.15807802357684242,0.0
Hanson,Yes,Yes,No,No,Yes,10.0,0.0,0.0,Yes,Neither,Neither,Neither,Both,Drop-off,No,Yes,Yes,0.0,93.75,No,0.0,No,No,No,2000.0,Drop-off,None,Yes,No,Yes,Yes,Yes,No,Yes,No,No,0.0,Yes,Yes,Yes,No,0.385239852398524,0.0
Harvard,No,No,Yes,No,No,0.0,80.0,0.0,Yes,Both,Recycling,Neither,Neither,Drop-off,No,No,Yes,0.0,80.0,No,0.0,No,No,No,1339.0,Drop-off,None,No,No,Yes,Yes,Yes,Yes,Yes,Yes,No,0.0,Yes,Yes,Yes,Yes,0.2851798784029741,0.0
Harwich,No,Yes,Yes,No,No,160.0,10.0,0.0,No,Both,Both,Both,Both,Drop-off,No,No,Yes,0.0,90.0,No,0.0,No,No,No,5541.0,Drop-off,None,No,No,No,No,No,No,No,No,No,0.0,No,No,No,No,0.16577329471241475,0.0
Haverhill,Yes,No,No,No,No,0.0,0.0,0.0,No,Both,Both,Both,Neither,Curbside,Yes,Yes,Yes,52.0,60.0,Yes,1.0,Yes,No,Yes,20928.0,Both,Bi-weekly,Yes,No,Yes,Yes,No,Yes,Yes,No,Yes,19.0,No,No,No,No,0.2936550300701043,1.0
Heath,Yes,No,Yes,No,Yes,0.0,15.0,0.0,Yes,Both,Neither,Neither,Neither,Drop-off,No,No,No,0.0,79.0,No,0.0,No,No,No,350.0,Drop-off,None,No,No,No,Yes,Yes,No,No,No,No,0.0,No,No,No,No,0.3404153862456289,0.0
Hingham,Yes,No,No,No,No,0.0,0.0,0.0,No,Recycling,Recycling,Both,Neither,Drop-off,No,No,Yes,0.0,64.62,No,0.0,No,No,No,7473.0,Drop-off,None,No,No,Yes,Yes,Yes,Yes,Yes,No,No,0.0,Yes,Yes,Yes,Yes,0.19951786211825706,0.0
Hinsdale,Yes,No,Yes,No,Yes,0.0,65.0,0.0,Yes,Both,Neither,Recycling,Neither,Drop-off,No,No,Yes,0.0,110.0,No,0.0,No,No,No,550.0,Drop-off,None,No,No,No,Yes,No,No,No,No,No,0.0,No,No,No,No,0.14806238804665994,0.0
Holden,No,Yes,No,No,Yes,237.0,0.0,0.0,No,Both,Neither,Neither,Neither,Curbside,Yes,No,Yes,0.0,68.98,No,0.0,No,No,No,6100.0,Curbside,Bi-weekly,Yes,Yes,Yes,Yes,No,No,No,Yes,No,0.0,No,No,No,No,0.290139746208036,0.75
Holliston,Yes,No,No,No,Yes,0.0,0.0,0.0,Yes,Both,Both,Neither,Neither,Curbside,Yes,Yes,Yes,52.0,68.97,No,0.0,No,No,No,4600.0,Curbside,Weekly,Yes,Yes,No,No,No,No,No,No,No,0.0,No,No,No,No,0.3412133891213389,0.75
Holyoke,Yes,No,No,No,No,0.0,0.0,0.0,No,Recycling,Recycling,Recycling,Neither,Both,No,Yes,No,0.0,77.7,No,0.0,No,No,No,9950.0,Both,Bi-weekly,No,No,Yes,Yes,No,No,Yes,No,Yes,20.0,No,No,No,No,0.19480846986037675,1.0
Hudson,No,No,Yes,No,No,0.0,10.0,0.0,Yes,Both,Both,Neither,Neither,Drop-off,No,Yes,Yes,0.0,0.0,No,0.0,No,No,No,1705.0,Drop-off,None,No,No,No,No,No,No,No,No,No,0.0,Yes,Yes,Yes,Yes,0.23666512623437275,0.0
Huntington,No,Yes,No,No,Yes,40.0,0.0,0.0,Yes,Both,Neither,Both,Neither,Drop-off,No,No,Yes,0.0,85.0,No,0.0,No,No,No,477.0,Drop-off,None,Yes,No,Yes,Yes,Yes,Yes,Yes,No,No,0.0,No,No,No,No,0.2157337096521291,0.0
Ipswich,Yes,No,No,No,No,0.0,0.0,0.0,Yes,Both,Both,Recycling,Neither,Curbside,No,Yes,Yes,52.0,72.5,No,0.0,No,No,No,5157.0,Both,Weekly,Yes,No,Yes,Yes,No,No,No,Yes,No,0.0,No,No,No,No,0.3619824788219849,1.0
Kingston,Yes,Yes,No,No,No,200.0,0.0,0.0,No,Recycling,Neither,Neither,Neither,Drop-off,No,No,Yes,0.0,75.97,No,0.0,No,No,No,3350.0,Drop-off,None,No,No,Yes,Yes,No,No,Yes,No,No,0.0,Yes,Yes,Yes,Yes,0.18873085339168488,0.0
Lakeville,Yes,Yes,No,No,Yes,50.0,0.0,0.0,Yes,Neither,Neither,Neither,Neither,Drop-off,No,No,Yes,0.0,82.5,No,0.0,No,No,No,1496.0,Drop-off,None,No,No,No,No,No,No,No,No,No,0.0,No,No,No,No,0.1846995647681373,0.0
Lawrence,Yes,No,No,No,No,0.0,0.0,0.0,No,Both,Both,Neither,Neither,Curbside,Yes,No,Yes,0.0,61.25,No,0.0,No,No,No,21723.0,Curbside,Weekly,Yes,No,No,No,No,No,No,No,No,0.0,No,No,No,No,0.10088925685502054,1.0
Leverett,Yes,No,Yes,No,Yes,0.0,30.0,0.0,Yes,Both,Both,Neither,Neither,Drop-off,No,No,Yes,0.0,79.0,No,0.0,No,No,No,657.0,Drop-off,None,No,No,No,Yes,Yes,No,No,No,No,0.0,No,No,No,No,0.3565902717338749,0.0
Lexington,Yes,No,No,No,No,0.0,0.0,0.0,No,Both,Both,Neither,Neither,Both,No,Yes,No,0.0,69.54,Yes,6.0,No,No,No,11444.0,Both,Weekly,Yes,No,No,Yes,No,No,No,No,No,0.0,Yes,Yes,No,No,0.3145121247529797,1.0
Lincoln,Yes,No,No,No,No,0.0,0.0,0.0,No,Both,Neither,Neither,Neither,Drop-off,No,Yes,No,0.0,69.54,No,0.0,No,No,No,1933.0,Drop-off,None,Yes,No,Yes,Yes,No,No,Yes,No,Yes,16.0,No,No,No,No,0.3416547788873039,0.0
Littleton,No,Yes,No,No,No,120.0,0.0,0.0,Yes,Neither,Neither,Neither,Neither,Drop-off,No,No,Yes,0.0,77.5,No,0.0,No,No,No,1807.0,Drop-off,None,No,No,No,No,No,No,No,No,No,0.0,No,No,No,No,0.34416105724695856,0.0
Longmeadow,Yes,No,Yes,No,Yes,0.0,45.0,0.0,Yes,Both,Both,Neither,Neither,Curbside,Yes,No,Yes,0.0,77.5,No,0.0,No,No,No,5534.0,Curbside,Weekly,No,No,Yes,Yes,Yes,Yes,No,Yes,No,0.0,Yes,Yes,Yes,Yes,0.29390551749008303,1.0
Lowell,Yes,Yes,No,No,No,125.0,0.0,0.0,No,Both,Both,Neither,Neither,Curbside,Yes,No,Yes,0.0,66.23,Yes,1.0,Yes,No,Yes,25000.0,Curbside,Bi-weekly,Yes,Yes,Yes,Yes,No,No,Yes,No,Yes,40.0,No,No,No,No,0.21040776080605286,1.0
Ludlow,Yes,No,No,No,Yes,0.0,0.0,0.0,Yes,Both,Neither,Neither,Neither,Both,No,No,Yes,0.0,77.5,No,0.0,No,No,No,7054.0,Both,Weekly,Yes,No,No,No,No,No,No,No,No,0.0,No,No,No,No,0.211550339715874,1.0
Lunenburg,Yes,No,No,No,Yes,0.0,0.0,0.0,Yes,Both,Both,Neither,Neither,Curbside,No,No,Yes,0.0,85.03,No,0.0,No,No,No,4236.0,Curbside,Weekly,Yes,No,No,No,No,No,No,No,No,0.0,No,No,No,No,0.263075173957992,1.0
Lynn,Yes,Yes,No,No,Yes,90.0,0.0,0.0,No,Both,Both,Neither,Neither,Curbside,Yes,Yes,Yes,0.0,73.47,Yes,1.0,Yes,Yes,No,27000.0,Curbside,Bi-weekly,Yes,Yes,Yes,Yes,No,No,Yes,Yes,No,0.0,No,No,No,No,0.18886147954423652,1.0
Lynnfield,Yes,No,No,No,No,0.0,0.0,0.0,No,Both,Both,Neither,Neither,Curbside,No,Yes,Yes,52.0,0.0,No,0.0,No,No,No,4350.0,Curbside,Bi-weekly,Yes,No,No,No,No,No,No,No,No,0.0,No,No,No,No,0.20118643712825668,1.0
Malden,Yes,No,No,No,Yes,0.0,0.0,0.0,Yes,Both,Both,Neither,Neither,Curbside,No,Yes,No,52.0,0.0,No,0.0,No,No,No,17100.0,Both,Weekly,No,No,No,No,No,No,No,No,No,0.0,Yes,No,Yes,Yes,0.2569210208107936,1.0
Manchester,Yes,No,No,No,Yes,0.0,0.0,0.0,Yes,Both,Neither,Recycling,Neither,Both,No,Yes,Yes,0.0,66.89,No,0.0,No,No,No,2417.0,Both,Weekly,Yes,No,Yes,Yes,No,No,No,Yes,No,0.0,No,No,No,No,0.4249750505386525,1.0
Mansfield,Yes,No,No,No,No,0.0,0.0,0.0,No,Both,Neither,Neither,Neither,Curbside,Yes,No,Yes,0.0,68.97,Yes,1.0,No,Yes,No,6831.0,Curbside,Weekly,Yes,Yes,Yes,Yes,No,No,No,Yes,No,0.0,No,No,No,No,0.2797202797202797,0.5
Marblehead,Yes,No,No,No,No,0.0,0.0,0.0,No,Both,Both,Neither,Neither,Both,No,No,Yes,0.0,91.79,Yes,2.0,Yes,Yes,No,8000.0,Both,Weekly,Yes,No,Yes,Yes,No,No,Yes,Yes,No,0.0,No,No,No,No,0.3720058065665608,1.0
Marion,Yes,No,No,No,No,0.0,0.0,0.0,No,Both,Both,Recycling,Neither,Both,Yes,No,Yes,0.0,0.0,Yes,1.0,Yes,Yes,No,2771.0,Both,Bi-weekly,Yes,Yes,No,No,No,No,No,No,No,0.0,No,No,No,No,0.16992785123127127,1.0
Marlborough,Yes,No,No,No,No,0.0,0.0,0.0,No,Both,Both,Neither,Neither,Both,Yes,No,No,0.0,120.58,Yes,1.0,No,Yes,No,12000.0,Both,Bi-weekly,Yes,Yes,No,No,No,No,No,No,No,0.0,No,No,No,No,0.2343185033799717,0.75
Marshfield,No,Yes,Yes,No,Yes,360.0,20.0,0.0,Yes,Both,Both,Both,Neither,Both,No,Yes,Yes,52.0,0.0,No,0.0,No,No,No,9444.0,Both,Weekly,Yes,Yes,No,No,No,No,No,No,No,0.0,No,No,No,No,0.3754226419493995,0.5
Mashpee,Yes,No,Yes,Yes,No,0.0,150.0,15.0,No,Both,Both,Neither,Both,Drop-off,No,Yes,Yes,0.0,93.75,No,0.0,No,No,No,4916.0,Drop-off,None,No,No,No,No,No,No,No,No,No,0.0,No,No,No,No,0.16186580174634846,0.0
Maynard,Yes,No,No,No,Yes,0.0,0.0,0.0,Yes,Both,Both,Neither,Neither,Curbside,No,Yes,Yes,0.0,68.97,No,0.0,No,No,No,4142.0,Curbside,Bi-weekly,Yes,Yes,No,No,No,No,No,No,No,0.0,No,No,No,No,0.19587882682601648,0.75
Medfield,No,Yes,No,No,No,50.0,0.0,0.0,No,Neither,Neither,Neither,Neither,Drop-off,No,Yes,No,0.0,68.97,No,0.0,No,No,No,3600.0,Drop-off,None,Yes,No,No,No,No,No,No,No,No,0.0,No,No,No,No,0.2586980920314253,0.0
Medford,Yes,No,No,No,No,0.0,0.0,0.0,No,Both,Both,Both,Neither,Curbside,Yes,No,Yes,0.0,0.0,No,0.0,No,No,No,19500.0,Curbside,Bi-weekly,Yes,Yes,No,Yes,No,Yes,No,No,No,0.0,No,No,No,No,0.25277474570868314,1.0
Medway,No,Yes,No,No,Yes,250.0,0.0,0.0,Yes,Both,Both,Neither,Neither,Both,No,Yes,No,52.0,68.97,No,0.0,No,No,No,4171.0,Both,Bi-weekly,Yes,Yes,Yes,Yes,Yes,Yes,Yes,Yes,No,0.0,Yes,Yes,Yes,Yes,0.316375462599529,1.0
Melrose,Yes,Yes,No,No,No,200.0,0.0,0.0,No,Both,Both,Neither,Neither,Curbside,No,Yes,Yes,52.0,64.0,Yes,4.0,Yes,Yes,No,8905.0,Both,Weekly,Yes,No,No,No,No,No,No,No,No,0.0,Yes,No,Yes,No,0.24708774179758464,1.0
Merrimac,Yes,No,No,No,Yes,0.0,0.0,0.0,Yes,Both,Neither,Neither,Neither,Curbside,No,Yes,Yes,0.0,68.7,No,0.0,No,No,No,1934.0,Curbside,Bi-weekly,Yes,Yes,No,No,No,No,No,No,No,0.0,Yes,Yes,Yes,Yes,0.4168434545634484,1.0
Methuen,Yes,No,Yes,No,No,0.0,10.0,0.0,No,Both,Both,Neither,Neither,Both,No,Yes,Yes,52.0,78.0,No,0.0,No,No,No,14754.0,Both,Bi-weekly,Yes,No,No,No,No,No,No,No,No,0.0,No,No,No,No,0.1251348042715842,1.0
Middleborough,No,Yes,Yes,No,Yes,204.0,25.0,0.0,Yes,Both,Neither,Neither,Neither,Both,Yes,Yes,Yes,0.0,25.0,Yes,1.0,Yes,No,No,6245.0,Both,Bi-weekly,Yes,Yes,No,No,No,No,No,No,No,0.0,Yes,No,Yes,Yes,0.25274644460404416,1.0
Middlefield,No,Yes,No,No,No,65.0,0.0,0.0,No,Both,Neither,Both,Neither,Drop-off,No,No,Yes,0.0,80.85,No,0.0,No,No,No,173.0,Drop-off,None,No,No,Yes,Yes,Yes,Yes,Yes,No,No,0.0,No,No,No,No,0.1819563259792886,0.0
Middleton,Yes,Yes,No,No,No,125.0,0.0,0.0,No,Both,Neither,Neither,Neither,Drop-off,No,Yes,No,0.0,73.5,No,0.0,No,No,No,2492.0,Drop-off,None,No,No,Yes,Yes,No,No,Yes,No,Yes,48.0,No,No,No,No,0.1602570095481749,0.0
Milford,Yes,No,No,No,No,0.0,0.0,0.0,No,Recycling,Recycling,Neither,Neither,Curbside,No,Yes,Yes,52.0,0.0,Yes,4.0,Yes,No,No,9000.0,Both,Bi-weekly,No,No,Yes,Yes,No,No,Yes,No,No,0.0,No,No,No,No,0.255141487552188,1.0
Millbury,No,No,Yes,No,No,0.0,35.0,0.0,No,Both,Neither,Neither,Neither,Drop-off,No,Yes,Yes,0.0,0.0,No,0.0,No,No,No,3728.0,Drop-off,None,Yes,No,Yes,Yes,No,Yes,Yes,No,No,0.0,No,No,No,No,0.2951513366058209,0.0
Millis,No,No,No,No,No,0.0,0.0,0.0,Yes,Recycling,Recycling,Recycling,Neither,Drop-off,No,No,Yes,0.0,68.97,No,0.0,No,No,No,831.0,Drop-off,None,Yes,No,Yes,Yes,No,No,Yes,No,No,0.0,No,No,No,No,0.30710319739613257,0.0
Milton,Yes,No,No,No,Yes,0.0,0.0,0.0,Yes,Both,Both,Recycling,Neither,Curbside,Yes,Yes,Yes,52.0,95.0,No,0.0,No,No,No,9376.0,Both,Weekly,Yes,Yes,No,No,No,No,No,No,No,0.0,No,No,No,No,0.35494554550259644,0.5
Monroe,Yes,No,No,No,No,0.0,0.0,0.0,No,Both,Neither,Both,Neither,Curbside,No,No,No,0.0,110.0,No,0.0,No,No,No,73.0,Curbside,Weekly,Yes,No,No,No,No,No,No,No,No,0.0,No,No,No,No,0.05757307351638617,1.0
Monson,No,Yes,No,No,No,310.0,0.0,0.0,No,Both,Both,Neither,Neither,Curbside,No,Yes,No,0.0,0.0,Yes,7.0,No,Yes,No,2962.0,Curbside,Bi-weekly,No,No,Yes,Yes,Yes,Yes,No,Yes,No,0.0,Yes,Yes,Yes,Yes,0.16357267950963222,1.0
Montague,Yes,No,No,No,Yes,0.0,0.0,0.0,Yes,Both,Neither,Neither,Neither,Curbside,No,No,Yes,0.0,85.0,No,0.0,No,No,No,2611.0,Both,Weekly,No,No,No,Yes,Yes,No,No,No,No,0.0,No,No,No,No,0.25374494031905753,1.0
Monterey,Yes,No,Yes,No,No,0.0,65.0,0.0,No,Both,Neither,Both,Neither,Drop-off,No,No,Yes,0.0,0.0,No,0.0,No,No,No,740.0,Drop-off,None,No,No,Yes,Yes,Yes,Yes,Yes,Yes,No,0.0,No,No,No,No,0.3342208753513554,0.0
Mount Washington,No,Yes,No,No,No,250.0,0.0,0.0,No,Both,Neither,Neither,Both,Drop-off,No,No,No,0.0,104.74,No,0.0,No,No,No,146.0,Drop-off,None,No,No,No,Yes,No,No,No,No,No,0.0,No,No,No,No,0.39136381398983977,0.0
Nantucket,Yes,No,No,No,No,0.0,0.0,0.0,No,Both,Both,Both,Both,Drop-off,No,No,No,0.0,0.0,No,0.0,No,No,No,8871.0,Drop-off,None,No,No,Yes,Yes,Yes,Yes,Yes,Yes,Yes,43.0,Yes,Yes,Yes,Yes,0.21584137026676334,0.0
Natick,Yes,No,No,No,Yes,0.0,0.0,0.0,Yes,Both,Both,Neither,Neither,Curbside,No,Yes,Yes,0.0,68.97,No,0.0,No,No,No,10565.0,Both,Bi-weekly,Yes,Yes,No,No,No,No,No,No,No,0.0,No,No,No,No,0.4249896288761786,0.5
Needham,Yes,No,No,No,Yes,0.0,0.0,0.0,Yes,Both,Both,Neither,Neither,Drop-off,No,Yes,Yes,0.0,68.97,No,0.0,No,No,No,5349.0,Drop-off,None,Yes,No,Yes,Yes,No,No,Yes,No,No,0.0,Yes,Yes,No,No,0.3595961588592121,0.0
New Bedford,Yes,No,No,No,No,0.0,0.0,0.0,No,Both,Both,Both,Neither,Curbside,Yes,No,No,0.0,0.0,Yes,1.0,Yes,No,Yes,36394.0,Both,Weekly,Yes,Yes,Yes,Yes,Yes,Yes,Yes,No,Yes,128.0,No,No,No,No,0.20376359932977936,0.75
New Marlborough,No,No,Yes,No,No,0.0,150.0,0.0,No,Both,Neither,Both,Both,Drop-off,No,No,Yes,0.0,80.0,No,0.0,No,No,No,349.0,Drop-off,None,Yes,No,No,No,No,No,No,No,No,0.0,No,No,No,No,0.23703703703703705,0.0
New Salem,Yes,No,Yes,No,Yes,0.0,20.0,0.0,Yes,Both,Neither,Neither,Neither,Drop-off,No,No,Yes,0.0,79.0,No,0.0,No,No,No,264.0,Drop-off,None,No,No,No,Yes,Yes,No,No,No,No,0.0,No,No,No,No,0.3188747510061385,0.0
Newburyport,Yes,No,No,No,No,0.0,0.0,0.0,No,Both,Both,Both,Neither,Curbside,No,Yes,Yes,12.0,68.7,Yes,3.0,No,Yes,No,7812.0,Curbside,Bi-weekly,Yes,Yes,Yes,Yes,No,Yes,Yes,No,No,0.0,No,No,No,No,0.2857142857142857,0.5
Newton,Yes,No,No,No,Yes,0.0,0.0,0.0,No,Both,Both,Neither,Neither,Curbside,Yes,Yes,Yes,0.0,68.97,Yes,1.0,No,Yes,No,28500.0,Both,Weekly,Yes,Yes,No,No,No,No,No,No,No,0.0,No,No,No,No,0.3495532856558917,0.5
Norfolk,No,No,Yes,No,Yes,0.0,65.0,0.0,Yes,Both,Neither,Neither,Neither,Drop-off,No,No,Yes,0.0,0.0,No,0.0,No,No,No,1062.0,Drop-off,None,No,No,No,No,No,No,No,No,No,0.0,No,No,No,No,0.2972749793559042,0.0
North Adams,No,No,Yes,No,Yes,0.0,60.0,0.0,Yes,Both,Both,Both,Both,Drop-off,No,Yes,Yes,0.0,0.0,No,0.0,No,No,No,5366.0,Drop-off,None,No,No,No,No,No,No,No,No,No,0.0,No,No,No,No,0.05973261643537019,0.0
North Andover,Yes,No,No,No,No,0.0,0.0,0.0,No,Both,Both,Recycling,Neither,Curbside,No,Yes,Yes,52.0,68.23,No,0.0,No,No,No,8304.0,Curbside,Weekly,Yes,No,No,No,No,No,No,No,No,0.0,No,No,No,No,0.2247949493067839,1.0
North Attleborough,No,Yes,No,No,Yes,225.0,0.0,0.0,Yes,Both,Both,Neither,Neither,Both,No,Yes,Yes,0.0,82.0,No,0.0,No,No,No,9009.0,Both,Weekly,Yes,Yes,Yes,Yes,Yes,Yes,Yes,Yes,Yes,10.0,Yes,Yes,Yes,Yes,0.3668104778719841,1.0
North Brookfield,No,No,Yes,No,Yes,0.0,60.0,0.0,Yes,Both,Both,Both,Neither,Drop-off,No,Yes,Yes,0.0,87.0,No,0.0,No,No,No,1109.0,Drop-off,None,No,No,Yes,Yes,Yes,Yes,Yes,Yes,Yes,12.0,Yes,No,Yes,Yes,0.21409921671018275,0.0
Northampton,No,No,Yes,No,Yes,0.0,25.0,0.0,Yes,Both,Both,Both,Neither,Drop-off,No,No,Yes,0.0,79.3,No,0.0,No,No,No,2947.0,Drop-off,None,No,No,Yes,Yes,Yes,Yes,Yes,No,No,0.0,Yes,Yes,Yes,Yes,0.4604424596829458,0.0
Northborough,Yes,No,No,No,Yes,0.0,0.0,0.0,Yes,Both,Neither,Neither,Neither,Curbside,No,Yes,Yes,104.0,68.97,No,0.0,No,No,No,4949.0,Curbside,Bi-weekly,Yes,No,No,Yes,Yes,No,No,No,No,0.0,Yes,Yes,No,No,0.34945462609529065,1.0
Northfield,Yes,No,Yes,No,Yes,0.0,20.0,0.0,Yes,Both,Neither,Neither,Neither,Drop-off,No,No,No,0.0,79.0,No,0.0,No,No,No,830.0,Drop-off,None,No,No,No,Yes,Yes,No,No,No,No,0.0,No,No,No,No,0.3348839569659652,0.0
Norwell,Yes,No,No,No,Yes,0.0,0.0,0.0,Yes,Both,Both,Neither,Neither,Curbside,Yes,Yes,No,2.0,80.34,No,0.0,No,No,No,3550.0,Both,Weekly,Yes,Yes,Yes,Yes,No,No,Yes,Yes,No,0.0,No,No,No,No,0.3625360662494848,0.5
Norwood,Yes,No,No,No,No,0.0,0.0,0.0,No,Both,Both,Neither,Neither,Curbside,Yes,No,Yes,156.0,87.82,Yes,2.0,Yes,Yes,No,9630.0,Both,Bi-weekly,Yes,Yes,No,No,No,No,No,No,No,0.0,No,No,No,No,0.3825761214100471,1.0
Oak Bluffs,Yes,No,No,No,Yes,0.0,0.0,0.0,Yes,Both,Neither,Neither,Neither,Both,No,No,No,0.0,146.5,No,0.0,No,No,No,2005.0,Drop-off,None,No,No,No,No,No,No,No,No,No,0.0,No,No,No,No,0.3378628950395885,0.0
Orange,Yes,No,Yes,No,Yes,0.0,32.0,0.0,Yes,Both,Recycling,Neither,Neither,Drop-off,No,No,Yes,0.0,83.0,No,0.0,No,No,No,1157.0,Drop-off,None,Yes,No,No,Yes,Yes,No,No,No,No,0.0,Yes,No,Yes,No,0.2690157882662106,0.0
Orleans,Yes,Yes,Yes,Yes,No,125.0,0.0,5.0,No,Recycling,Recycling,Recycling,Recycling,Drop-off,No,Yes,Yes,0.0,91.75,No,0.0,No,No,No,3825.0,Drop-off,None,No,No,No,No,No,No,No,No,No,0.0,No,No,No,No,0.17439146382127374,0.0
Otis,Yes,Yes,No,No,No,50.0,0.0,0.0,No,Both,Neither,Both,Both,Drop-off,No,No,Yes,0.0,90.0,No,0.0,No,No,No,1200.0,Drop-off,None,No,No,Yes,Yes,No,Yes,Yes,No,No,0.0,No,No,No,No,0.1539275069704836,0.0
Paxton,No,Yes,No,No,No,177.6,0.0,0.0,No,Both,Neither,Neither,Neither,Curbside,No,No,Yes,0.0,68.97,Yes,5.0,No,Yes,No,1578.0,Both,Weekly,No,No,Yes,Yes,No,No,No,Yes,No,0.0,No,No,No,No,0.09551815047657676,1.0
Peabody,Yes,No,No,No,No,0.0,0.0,0.0,No,Both,Both,Neither,Neither,Both,No,Yes,No,0.0,67.12,Yes,3.0,No,Yes,No,14000.0,Both,Weekly,No,No,Yes,Yes,No,No,No,Yes,No,0.0,No,No,No,No,0.16651276327517125,1.0
Pembroke,No,Yes,No,No,No,280.0,0.0,0.0,No,Both,Recycling,Neither,Neither,Curbside,Yes,Yes,Yes,0.0,93.75,Yes,2.0,No,No,No,6773.0,Both,Weekly,Yes,Yes,No,No,No,No,No,No,No,0.0,No,No,No,No,0.2569799171907915,0.5
Pepperell,No,No,Yes,Yes,Yes,0.0,90.0,20.0,Yes,Both,Neither,Neither,Neither,Drop-off,No,Yes,Yes,0.0,70.75,No,0.0,No,No,No,1420.0,Drop-off,None,No,No,No,No,No,No,No,No,No,0.0,No,No,No,No,0.1761098188902805,0.0
Peru,Yes,No,Yes,No,Yes,0.0,75.0,0.0,No,Both,Neither,Both,Neither,Drop-off,No,No,Yes,0.0,110.0,No,0.0,No,No,No,335.0,Drop-off,None,No,No,No,Yes,No,No,No,No,No,0.0,No,No,No,No,0.16699553877831158,0.0
Petersham,Yes,No,Yes,No,Yes,0.0,25.0,0.0,Yes,Both,Recycling,Neither,Neither,Drop-off,No,Yes,Yes,0.0,100.0,No,0.0,No,No,No,292.0,Drop-off,None,No,No,No,Yes,No,No,No,No,No,0.0,No,No,No,No,0.30711889675736115,0.0
Phillipston,Yes,Yes,No,No,Yes,20.0,0.0,0.0,Yes,Both,Both,Both,Neither,Drop-off,No,No,Yes,0.0,125.0,No,0.0,No,No,No,376.0,Drop-off,None,No,No,No,No,No,No,No,No,No,0.0,No,No,No,No,0.3713671681269631,0.0
Pittsfield,Yes,No,No,No,No,0.0,0.0,0.0,No,Both,Both,Neither,Neither,Both,No,Yes,Yes,0.0,87.15,No,0.0,No,No,No,17522.0,Both,Weekly,No,No,No,Yes,Yes,No,No,No,No,0.0,No,No,No,No,0.11182001440975063,1.0
Plainfield,No,No,No,No,Yes,0.0,0.0,0.0,Yes,Both,Neither,Both,Neither,Drop-off,No,No,Yes,0.0,88.0,No,0.0,No,No,No,224.0,Drop-off,None,No,No,Yes,Yes,Yes,Yes,Yes,No,No,0.0,No,No,No,No,0.2801258715369902,0.0
Plainville,Yes,Yes,No,No,Yes,150.0,0.0,0.0,Yes,Both,Both,Neither,Neither,Curbside,No,No,Yes,52.0,87.55,No,0.0,No,No,No,2101.0,Curbside,Weekly,Yes,No,No,No,No,No,No,No,No,0.0,Yes,Yes,Yes,Yes,0.33877551020408164,1.0
Plymouth,No,Yes,No,No,Yes,168.0,0.0,0.0,Yes,Both,Both,Neither,Neither,Drop-off,No,No,No,0.0,71.75,No,0.0,No,No,No,5196.0,Drop-off,None,No,No,No,No,No,No,No,No,No,0.0,Yes,Yes,Yes,No,0.1916503050787808,0.0
Provincetown,Yes,No,Yes,Yes,No,0.0,50.0,2.0,No,Both,Both,Neither,Both,Both,No,Yes,Yes,0.0,93.75,Yes,2.0,Yes,No,Yes,2348.0,Both,Weekly,Yes,No,No,No,No,No,No,No,No,0.0,Yes,Yes,Yes,Yes,0.32190091907644025,1.0
Quincy,Yes,No,No,No,No,0.0,0.0,0.0,No,Both,Both,Neither,Neither,Curbside,No,Yes,No,0.0,75.83,No,0.0,No,No,No,45000.0,Both,Weekly,Yes,No,No,No,No,No,No,No,No,0.0,No,No,No,No,0.10381866223225887,1.0
Randolph,No,Yes,No,No,No,345.0,0.0,0.0,No,Both,Both,Neither,Neither,Curbside,No,Yes,Yes,156.0,85.0,No,0.0,No,No,No,9279.0,Curbside,Bi-weekly,Yes,Yes,No,No,No,No,No,No,No,0.0,No,No,No,No,0.18137837379052796,1.0
Raynham,No,No,Yes,No,Yes,0.0,70.0,0.0,Yes,Both,Neither,Both,Neither,Drop-off,No,Yes,Yes,0.0,83.41,No,0.0,No,No,No,1169.0,Drop-off,None,No,No,No,No,No,No,No,No,No,0.0,No,No,No,No,0.3676549157816791,0.0
Reading,Yes,No,No,No,No,0.0,0.0,0.0,No,Both,Both,Neither,Neither,Curbside,No,Yes,Yes,52.0,68.35,Yes,4.0,No,Yes,No,8293.0,Curbside,Weekly,Yes,No,Yes,Yes,No,No,No,Yes,No,0.0,No,No,No,No,0.2915905146097034,1.0
Revere,Yes,No,No,No,No,0.0,0.0,0.0,No,Both,Both,Neither,Neither,Curbside,Yes,Yes,Yes,0.0,72.03,No,0.0,No,No,No,20452.0,Curbside,Bi-weekly,Yes,Yes,No,Yes,No,No,No,No,No,0.0,No,No,No,No,0.16330282129122484,0.75
Rochester,Yes,Yes,No,No,No,40.0,0.0,0.0,No,Both,Both,Both,Neither,Both,Yes,No,Yes,0.0,0.0,No,0.0,No,No,No,1953.0,Both,Bi-weekly,Yes,Yes,No,No,No,No,No,No,No,0.0,Yes,Yes,No,Yes,0.20637721572301007,0.75
Rockland,No,Yes,No,No,No,296.0,0.0,0.0,No,Both,Both,Neither,Neither,Curbside,Yes,No,Yes,0.0,90.0,Yes,1.0,Yes,Yes,No,5485.0,Both,Bi-weekly,Yes,Yes,Yes,Yes,Yes,Yes,Yes,Yes,No,0.0,Yes,Yes,Yes,Yes,0.203267210397331,1.0
Rockport,Yes,No,Yes,No,Yes,0.0,75.0,0.0,Yes,Both,Both,Both,Neither,Drop-off,No,Yes,Yes,0.0,85.5,No,0.0,No,No,No,3150.0,Drop-off,None,No,No,Yes,Yes,No,No,Yes,No,No,0.0,No,No,No,No,0.3240529290769804,0.0
Rowe,Yes,No,Yes,No,Yes,0.0,25.0,0.0,Yes,Both,Both,Neither,Neither,Drop-off,No,No,No,0.0,79.0,No,0.0,No,No,No,172.0,Drop-off,None,No,No,No,Yes,Yes,No,No,No,No,0.0,No,No,No,No,0.20664802065404475,0.0
Royalston,Yes,No,Yes,No,Yes,0.0,15.0,0.0,Yes,Both,Both,Both,Both,Drop-off,No,No,Yes,0.0,120.0,No,0.0,No,No,No,375.0,Drop-off,None,No,No,No,No,No,No,No,No,No,0.0,No,No,No,No,0.2735553583546484,0.0
Russell,Yes,Yes,No,No,Yes,45.0,0.0,0.0,Yes,Both,Neither,Neither,Neither,Drop-off,No,No,Yes,0.0,0.0,No,0.0,No,No,No,420.0,Drop-off,None,No,No,No,Yes,No,No,No,No,No,0.0,No,No,No,No,0.18965067401072624,0.0
Salem,Yes,Yes,No,No,No,216.0,0.0,0.0,No,Both,Both,Both,Neither,Curbside,Yes,Yes,No,52.0,73.8,Yes,1.0,Yes,Yes,Yes,15075.0,Curbside,Bi-weekly,Yes,Yes,Yes,Yes,Yes,Yes,Yes,Yes,Yes,20.0,Yes,Yes,Yes,Yes,0.23973836560542236,1.0
Sandwich,No,Yes,No,Yes,Yes,60.0,0.0,10.0,Yes,Both,Both,Both,Both,Drop-off,No,No,Yes,0.0,73.54,No,0.0,No,No,No,5020.0,Drop-off,None,No,No,No,No,No,No,No,No,No,0.0,Yes,No,Yes,No,0.3473104616687844,0.0
Saugus,Yes,No,No,No,No,0.0,0.0,0.0,No,Both,Both,Neither,Neither,Curbside,No,Yes,Yes,104.0,74.5,Yes,3.0,Yes,Yes,Yes,8758.0,Both,Weekly,Yes,No,Yes,Yes,No,No,Yes,Yes,Yes,31.0,No,No,No,No,0.1882999870456485,1.0
Savoy,Yes,No,Yes,No,Yes,0.0,10.0,0.0,Yes,Both,Both,Both,Neither,Drop-off,No,No,Yes,0.0,110.0,No,0.0,No,No,No,174.0,Drop-off,None,No,No,Yes,Yes,No,No,Yes,No,No,0.0,No,No,No,No,0.16303210750784586,0.0
Scituate,No,No,Yes,No,Yes,0.0,90.0,0.0,Yes,Both,Neither,Recycling,Neither,Drop-off,No,No,Yes,0.0,102.56,No,0.0,No,No,No,5337.0,Drop-off,None,No,No,Yes,Yes,No,No,Yes,No,No,0.0,No,No,No,No,0.21457858769931668,0.0
Seekonk,No,Yes,Yes,No,Yes,211.27,25.0,0.0,Yes,Both,Neither,Neither,Neither,Curbside,Yes,No,Yes,0.0,78.0,No,0.0,No,No,No,5229.0,Curbside,Weekly,Yes,Yes,Yes,Yes,Yes,Yes,No,Yes,No,0.0,Yes,Yes,Yes,Yes,0.3414609106308711,0.5
Sharon,No,No,No,No,Yes,0.0,0.0,0.0,Yes,Both,Both,Neither,Neither,Curbside,Yes,No,Yes,2.0,0.0,No,0.0,No,No,No,5771.0,Curbside,Weekly,Yes,Yes,Yes,Yes,No,No,Yes,Yes,Yes,40.0,Yes,Yes,No,No,0.3304998492721787,1.0
Sheffield,No,Yes,No,No,No,165.0,0.0,0.0,No,Both,Neither,Neither,Neither,Drop-off,No,No,No,0.0,80.0,No,0.0,No,No,No,870.0,Drop-off,None,No,No,No,No,No,No,No,No,No,0.0,Yes,Yes,Yes,Yes,0.2370429252782194,0.0
Shelburne,Yes,No,No,No,Yes,0.0,0.0,0.0,Yes,Both,Neither,Neither,Neither,Drop-off,No,No,No,0.0,79.0,No,0.0,No,No,No,520.0,Drop-off,None,No,No,No,Yes,Yes,No,No,No,No,0.0,No,No,No,No,0.3129662621088965,0.0
Sherborn,Yes,No,No,No,No,0.0,0.0,0.0,No,Both,Both,Both,Neither,Drop-off,No,No,Yes,0.0,69.0,No,0.0,No,No,No,1440.0,Drop-off,None,No,No,Yes,Yes,No,Yes,Yes,No,No,0.0,No,No,No,No,0.28239693004034244,0.0
Shirley,Yes,No,No,No,Yes,0.0,0.0,0.0,Yes,Both,Neither,Neither,Neither,Curbside,Yes,No,No,0.0,88.0,No,0.0,No,No,No,1931.0,Both,Bi-weekly,Yes,Yes,Yes,Yes,Yes,Yes,Yes,Yes,No,0.0,Yes,Yes,Yes,Yes,0.31364049664513693,1.0
Shrewsbury,Yes,No,No,No,Yes,0.0,0.0,0.0,Yes,Both,Both,Both,Both,Curbside,No,Yes,Yes,0.0,68.97,No,0.0,No,No,No,10140.0,Curbside,Weekly,No,No,No,Yes,No,No,No,No,No,0.0,No,No,No,No,0.26962739619322273,1.0
Shutesbury,Yes,No,No,No,Yes,0.0,0.0,0.0,Yes,Both,Both,Both,Neither,Curbside,No,Yes,Yes,0.0,79.5,No,0.0,No,No,No,850.0,Curbside,Weekly,No,No,No,Yes,No,Yes,No,No,No,0.0,No,No,No,No,0.3597388777473089,1.0
Somerset,Yes,No,Yes,No,Yes,0.0,5.0,0.0,Yes,Both,Both,Both,Neither,Both,No,Yes,Yes,0.0,75.0,No,0.0,No,No,No,6933.0,Curbside,Weekly,Yes,Yes,No,No,No,No,No,No,No,0.0,No,No,No,No,0.3026734916749799,0.75
Somerville,Yes,No,No,No,No,0.0,0.0,0.0,No,Both,Both,Recycling,Neither,Curbside,Yes,Yes,Yes,0.0,71.22,No,0.0,No,No,No,26250.0,Curbside,Weekly,Yes,Yes,No,Yes,Yes,Yes,No,No,No,0.0,No,No,No,No,0.2780745530798247,0.5
South Hadley,No,Yes,No,No,Yes,75.0,0.0,0.0,Yes,Both,Both,Both,Both,Both,No,No,Yes,0.0,75.0,No,0.0,No,No,No,6500.0,Both,Bi-weekly,No,No,Yes,Yes,Yes,Yes,Yes,Yes,Yes,20.0,No,No,No,No,0.30266264339645543,1.0
Southampton,No,Yes,No,No,Yes,75.0,0.0,0.0,Yes,Both,Both,Both,Neither,Drop-off,No,No,Yes,0.0,85.0,No,0.0,No,No,No,1002.0,Drop-off,None,No,No,Yes,Yes,Yes,Yes,Yes,Yes,Yes,13.0,Yes,Yes,Yes,Yes,0.3135883469505653,0.0
Southbridge,Yes,No,No,No,No,0.0,0.0,0.0,No,Both,Both,Neither,Neither,Curbside,Yes,No,No,0.0,0.0,Yes,1.0,No,No,No,6587.0,Curbside,Bi-weekly,Yes,Yes,No,Yes,Yes,Yes,No,No,No,0.0,Yes,Yes,Yes,No,0.1997075073123172,1.0
Southwick,Yes,Yes,No,Yes,No,110.0,0.0,25.0,No,Both,Neither,Neither,Neither,Drop-off,No,No,Yes,0.0,74.0,No,0.0,No,No,No,2038.0,Drop-off,None,No,No,Yes,Yes,Yes,Yes,Yes,No,No,0.0,Yes,Yes,Yes,Yes,0.1814133809717912,0.0
Spencer,No,No,Yes,No,Yes,0.0,50.0,0.0,Yes,Both,Neither,Both,Both,Drop-off,No,Yes,Yes,0.0,0.0,No,0.0,No,No,No,1862.0,Drop-off,None,Yes,No,No,No,No,No,No,No,No,0.0,No,No,No,No,0.2098051885889336,0.0
Springfield,Yes,Yes,No,No,No,90.0,0.0,0.0,No,Both,Neither,Neither,Neither,Curbside,Yes,No,Yes,0.0,73.28,No,0.0,No,No,No,40000.0,Both,Bi-weekly,Yes,Yes,Yes,Yes,Yes,Yes,Yes,No,Yes,40.0,Yes,Yes,Yes,Yes,0.1443025857414446,1.0
Sterling,Yes,No,No,No,No,0.0,0.0,0.0,No,Both,Both,Neither,Neither,Curbside,No,No,No,0.0,0.0,Yes,3.0,Yes,No,No,3200.0,Both,Weekly,No,No,No,Yes,No,No,No,No,No,0.0,No,No,No,No,0.25082946250829463,1.0
Stoneham,Yes,Yes,No,No,No,145.0,0.0,0.0,No,Both,Both,Neither,Neither,Curbside,No,Yes,Yes,0.0,68.35,Yes,3.0,No,No,No,6700.0,Curbside,Weekly,Yes,No,No,Yes,Yes,No,No,No,No,0.0,No,No,No,No,0.24163892222771,1.0
Sturbridge,Yes,No,No,No,Yes,0.0,0.0,0.0,Yes,Both,Neither,Both,Neither,Drop-off,No,No,Yes,0.0,0.0,No,0.0,No,No,No,1882.0,Drop-off,None,No,No,Yes,Yes,No,No,Yes,Yes,No,0.0,Yes,Yes,Yes,No,0.42857142857142855,0.0
Sudbury,No,Yes,No,No,No,170.0,0.0,0.0,Yes,Neither,Neither,Neither,Neither,Drop-off,No,Yes,Yes,0.0,0.0,No,0.0,No,No,No,1787.0,Drop-off,None,No,No,No,No,No,No,No,No,No,0.0,No,No,No,No,0.3232672639503219,0.0
Sutton,No,No,Yes,No,Yes,0.0,40.0,0.0,Yes,Recycling,Neither,Neither,Neither,Drop-off,No,Yes,Yes,0.0,68.97,No,0.0,No,No,No,1200.0,Drop-off,None,No,No,No,No,No,No,No,No,No,0.0,No,No,No,No,0.3655151141270821,0.0
Swampscott,Yes,No,No,No,No,0.0,0.0,0.0,No,Both,Both,Neither,Neither,Curbside,No,Yes,No,52.0,75.0,Yes,2.0,Yes,Yes,No,4990.0,Curbside,Weekly,Yes,No,No,No,No,No,No,No,No,0.0,No,No,No,No,0.2749711063322754,1.0
Swansea,No,Yes,No,No,Yes,120.0,0.0,0.0,Yes,Both,Both,Neither,Neither,Curbside,No,Yes,Yes,0.0,75.89,No,0.0,No,No,No,6090.0,Curbside,Weekly,Yes,Yes,No,No,No,No,No,No,No,0.0,No,No,No,No,0.3640192539109505,0.5
Taunton,Yes,No,No,No,Yes,0.0,0.0,0.0,Yes,Both,Both,Neither,Neither,Both,No,Yes,Yes,52.0,0.0,No,0.0,No,No,No,19565.0,Both,Bi-weekly,Yes,Yes,Yes,Yes,No,No,Yes,No,Yes,19.0,No,No,No,No,0.2443170452880524,0.75
Tewksbury,Yes,No,No,No,No,0.0,0.0,0.0,No,Both,Both,Neither,Neither,Curbside,Yes,No,No,0.0,70.0,No,0.0,No,No,No,10056.0,Curbside,Bi-weekly,Yes,Yes,No,No,No,No,No,No,No,0.0,No,No,No,No,0.21727702193165604,0.75
Topsfield,Yes,No,No,No,Yes,0.0,0.0,0.0,Yes,Both,Both,Neither,Neither,Curbside,No,Yes,Yes,0.0,0.0,No,0.0,No,No,No,2190.0,Curbside,Bi-weekly,No,No,No,No,No,No,No,No,No,0.0,No,No,No,No,0.2755881935194107,1.0
Townsend,Yes,No,No,No,No,0.0,0.0,0.0,No,Both,Neither,Recycling,Recycling,Curbside,No,No,Yes,0.0,0.0,Yes,2.0,Yes,Yes,No,3450.0,Both,Weekly,Yes,No,No,No,No,No,No,No,No,0.0,No,No,No,No,0.2665212278219965,1.0
Truro,Yes,Yes,No,No,No,100.0,0.0,0.0,No,Both,Both,Both,Both,Drop-off,No,No,Yes,0.0,71.75,No,0.0,No,No,No,3348.0,Drop-off,None,Yes,No,Yes,Yes,Yes,Yes,Yes,Yes,Yes,0.0,Yes,Yes,Yes,Yes,0.270033089710613,0.0
Tyngsborough,Yes,No,No,No,No,0.0,0.0,0.0,No,Both,Both,Neither,Neither,Curbside,Yes,Yes,Yes,0.0,73.04,Yes,2.0,No,Yes,No,3782.0,Curbside,Bi-weekly,Yes,Yes,Yes,Yes,Yes,Yes,No,Yes,No,0.0,Yes,Yes,Yes,Yes,0.2236644452374827,1.0
Tyringham,No,No,Yes,No,No,0.0,85.0,0.0,No,Both,Neither,Neither,Neither,Drop-off,No,Yes,Yes,0.0,0.0,No,0.0,No,No,No,205.0,Drop-off,None,No,No,No,No,No,No,No,No,No,0.0,No,No,No,No,0.26347014724124906,0.0
Upton,Yes,No,No,No,Yes,0.0,0.0,0.0,Yes,Both,Neither,Neither,Neither,Curbside,Yes,No,Yes,0.0,68.97,No,0.0,No,No,No,2360.0,Curbside,Weekly,Yes,No,No,No,No,No,No,No,No,0.0,No,No,No,No,0.36822955794866735,1.0
Wakefield,Yes,No,No,No,No,0.0,0.0,0.0,No,Both,Neither,Neither,Neither,Curbside,Yes,Yes,No,104.0,66.79,No,0.0,No,No,No,7238.0,Curbside,Bi-weekly,Yes,No,Yes,Yes,No,No,Yes,No,Yes,40.0,No,No,No,No,0.2321836023496981,1.0
Walpole,Yes,No,No,No,No,0.0,0.0,0.0,No,Both,Both,Neither,Neither,Curbside,No,Yes,No,0.0,68.18,Yes,6.0,No,Yes,No,7432.0,Both,Bi-weekly,No,No,No,No,No,No,No,No,No,0.0,No,No,No,No,0.1789034825401092,1.0
Waltham,Yes,No,No,No,No,0.0,0.0,0.0,No,Both,Both,Recycling,Trash,Curbside,No,Yes,No,0.0,59.09,No,0.0,No,No,No,19170.0,Curbside,Weekly,Yes,Yes,No,No,No,No,No,No,No,0.0,No,No,No,No,0.18932592211942167,0.5
Warren,Yes,No,Yes,No,No,0.0,80.0,0.0,Yes,Both,Neither,Both,Both,Drop-off,No,No,Yes,0.0,0.0,No,0.0,No,No,No,578.0,Drop-off,None,No,No,No,No,No,No,No,No,No,0.0,No,No,No,No,0.2638791885893436,0.0
Warwick,Yes,No,No,No,Yes,0.0,0.0,0.0,Yes,Both,Both,Neither,Neither,Drop-off,No,No,Yes,0.0,79.0,No,0.0,No,No,No,300.0,Drop-off,None,No,No,No,Yes,Yes,No,No,No,No,0.0,No,No,No,No,0.3110132158590308,0.0
Washington,Yes,No,No,No,No,0.0,0.0,0.0,No,Both,Neither,Both,Neither,Drop-off,No,No,Yes,0.0,0.0,No,0.0,No,No,No,252.0,Drop-off,None,No,No,Yes,Yes,No,Yes,Yes,No,No,0.0,No,No,No,No,0.16227270487360174,0.0
Watertown,Yes,No,No,No,No,0.0,0.0,0.0,No,Both,Both,Neither,Neither,Curbside,Yes,Yes,Yes,104.0,69.54,No,0.0,No,No,No,10500.0,Both,Bi-weekly,Yes,Yes,Yes,Yes,No,No,Yes,Yes,Yes,10.0,No,No,No,No,0.2479274769212026,0.5
Wayland,No,No,Yes,Yes,Yes,0.0,165.0,40.0,Yes,Both,Both,Neither,Neither,Drop-off,No,Yes,Yes,0.0,83.0,No,0.0,No,No,No,1895.0,Drop-off,None,Yes,No,No,No,No,No,No,No,No,0.0,No,No,No,No,0.39925979478540014,0.0
Wellesley,Yes,No,No,No,No,0.0,0.0,0.0,No,Both,Recycling,Both,Both,Drop-off,No,Yes,Yes,0.0,82.25,No,0.0,No,No,No,9310.0,Drop-off,None,No,No,No,No,No,No,No,No,No,0.0,No,No,No,No,0.230849478390462,0.0
Wellfleet,Yes,Yes,No,No,No,25.0,0.0,0.0,Yes,Both,Both,Both,Both,Drop-off,No,No,Yes,0.0,93.75,No,0.0,No,No,No,3309.0,Drop-off,None,No,No,Yes,Yes,Yes,Yes,Yes,No,No,0.0,Yes,Yes,Yes,Yes,0.2883034869538455,0.0
Wendell,Yes,No,Yes,No,Yes,0.0,15.0,0.0,Yes,Both,Neither,Neither,Neither,Drop-off,No,No,Yes,0.0,79.0,No,0.0,No,No,No,357.0,Drop-off,None,No,No,No,Yes,Yes,No,No,No,No,0.0,No,No,No,No,0.2667857278565186,0.0
Wenham,Yes,No,No,No,Yes,0.0,0.0,0.0,Yes,Both,Neither,Both,Neither,Curbside,Yes,Yes,No,52.0,66.89,No,0.0,No,No,No,1331.0,Curbside,Weekly,Yes,No,Yes,Yes,No,Yes,No,Yes,No,0.0,No,No,No,No,0.3721423802663481,1.0
West Boylston,Yes,No,No,No,Yes,0.0,0.0,0.0,Yes,Both,Both,Neither,Neither,Curbside,No,No,Yes,0.0,70.58,No,0.0,No,No,No,2480.0,Curbside,Weekly,Yes,No,No,No,No,No,No,No,No,0.0,No,No,No,No,0.2895544378149744,1.0
West Bridgewater,Yes,Yes,No,No,No,85.0,0.0,0.0,No,Both,Neither,Neither,Neither,Drop-off,No,No,No,0.0,93.75,No,0.0,No,No,No,1823.0,Drop-off,None,Yes,No,No,No,No,No,No,No,No,0.0,No,No,No,No,0.14672628691162812,0.0
West Springfield,Yes,No,No,No,No,0.0,0.0,0.0,No,Both,Both,Neither,Neither,Curbside,Yes,No,Yes,15.0,67.0,Yes,2.0,Yes,Yes,Yes,8860.0,Curbside,Bi-weekly,Yes,Yes,Yes,Yes,No,No,Yes,Yes,Yes,19.0,No,No,No,No,0.21340671738043784,1.0
West Tisbury,No,No,No,No,Yes,0.0,0.0,0.0,Yes,Both,Both,Both,Both,Drop-off,No,No,No,0.0,165.0,No,0.0,No,No,No,850.0,Drop-off,None,Yes,No,Yes,Yes,No,No,Yes,No,No,0.0,No,No,No,No,0.2887537993920973,0.0
Westborough,Yes,No,Yes,No,No,0.0,85.0,0.0,No,Both,Neither,Neither,Neither,Drop-off,No,Yes,Yes,0.0,68.97,No,0.0,No,No,No,5000.0,Drop-off,None,Yes,No,Yes,Yes,No,No,Yes,No,No,0.0,No,No,No,No,0.1830964841178332,0.0
Westfield,Yes,Yes,Yes,No,No,85.0,25.0,0.0,No,Neither,Neither,Neither,Neither,Both,Yes,Yes,Yes,0.0,0.0,Yes,2.0,Yes,No,No,16096.0,Both,Bi-weekly,Yes,Yes,No,No,No,No,No,No,No,0.0,No,No,No,No,0.22420007355645455,1.0
Westford,Yes,No,No,No,No,0.0,0.0,0.0,No,Both,Both,Neither,Neither,Curbside,No,Yes,Yes,0.0,73.04,Yes,3.0,No,Yes,No,7995.0,Curbside,Bi-weekly,Yes,No,Yes,Yes,No,No,No,Yes,No,0.0,No,No,No,No,0.24438679390963286,1.0
Westhampton,No,Yes,No,No,Yes,60.0,0.0,0.0,Yes,Both,Neither,Both,Neither,Drop-off,No,No,Yes,0.0,88.0,No,0.0,No,No,No,398.0,Drop-off,None,Yes,No,Yes,Yes,Yes,Yes,Yes,No,No,0.0,No,No,No,No,0.27855903452205216,0.0
Weston,Yes,Yes,No,No,No,240.0,0.0,0.0,No,Both,Recycling,Neither,Neither,Drop-off,No,Yes,No,0.0,0.0,No,0.0,No,No,No,1693.0,Drop-off,None,No,No,No,No,No,No,No,No,No,0.0,No,No,No,No,0.312268927237077,0.0
Westport,Yes,No,No,No,No,0.0,0.0,0.0,Yes,Both,Both,Both,Both,Drop-off,No,Yes,Yes,0.0,79.0,No,0.0,No,No,No,1889.0,Drop-off,None,No,No,No,Yes,Yes,Yes,No,No,No,0.0,Yes,Yes,No,No,0.3717594178439842,0.0
Weymouth,Yes,Yes,No,No,No,100.0,0.0,0.0,No,Both,Both,Neither,Neither,Both,Yes,Yes,No,52.0,71.75,No,0.0,No,No,No,17612.0,Both,Weekly,Yes,Yes,No,No,No,No,No,No,No,0.0,No,No,No,No,0.2394829614494571,0.5
Whately,Yes,No,No,No,Yes,0.0,0.0,0.0,Yes,Both,Both,Neither,Neither,Drop-off,No,No,No,0.0,88.0,No,0.0,No,No,No,460.0,Drop-off,None,No,No,No,Yes,Yes,No,No,No,No,0.0,Yes,Yes,Yes,No,0.34508842221608177,0.0
Whitman,No,Yes,No,No,No,285.0,0.0,0.0,No,Both,Neither,Neither,Neither,Curbside,Yes,No,Yes,0.0,79.0,Yes,1.0,Yes,Yes,No,4678.0,Curbside,Weekly,Yes,Yes,Yes,Yes,No,No,Yes,Yes,No,0.0,No,No,No,No,0.26845583901658665,0.5
Wilbraham,No,No,Yes,No,Yes,0.0,125.0,0.0,Yes,Both,Neither,Neither,Both,Drop-off,No,Yes,No,0.0,74.25,No,0.0,No,No,No,1655.0,Drop-off,None,No,No,Yes,Yes,Yes,Yes,Yes,No,No,0.0,No,No,No,No,0.3685193150722542,0.0
Williamsburg,No,Yes,No,No,No,100.0,0.0,0.0,No,Both,Neither,Both,Neither,Drop-off,No,No,Yes,0.0,88.0,No,0.0,No,No,No,852.0,Drop-off,None,No,No,Yes,Yes,Yes,Yes,Yes,No,No,0.0,No,No,No,No,0.27735309412376496,0.0
Williamstown,Yes,No,Yes,Yes,Yes,0.0,120.0,20.0,Yes,Both,Recycling,Recycling,Neither,Drop-off,No,No,Yes,0.0,110.0,No,0.0,No,No,No,933.0,Drop-off,None,No,No,Yes,Yes,Yes,Yes,Yes,No,No,0.0,Yes,Yes,Yes,Yes,0.3928842914847,0.0
Wilmington,Yes,No,No,No,No,0.0,0.0,0.0,No,Both,Both,Neither,Neither,Curbside,Yes,Yes,Yes,52.0,69.54,Yes,1.0,Yes,No,No,7348.0,Curbside,Bi-weekly,Yes,Yes,Yes,Yes,No,No,Yes,No,No,0.0,No,No,No,No,0.2553616484440706,0.75
Winchendon,No,Yes,No,No,Yes,70.0,0.0,0.0,Yes,Both,Neither,Both,Both,Drop-off,No,No,Yes,0.0,120.0,No,0.0,No,No,No,957.0,Drop-off,None,Yes,No,No,No,No,No,No,No,No,0.0,No,No,No,No,0.3296084975869379,0.0
Winchester,No,No,Yes,No,Yes,0.0,235.0,0.0,No,Both,Both,Both,Neither,Drop-off,No,Yes,Yes,0.0,59.5,No,0.0,No,No,No,5137.0,Drop-off,None,Yes,No,No,No,No,No,No,No,No,0.0,No,No,No,No,0.2100056529112493,0.0
Windsor,Yes,No,Yes,No,Yes,0.0,75.0,0.0,Yes,Both,Neither,Both,Neither,Drop-off,No,No,Yes,0.0,110.0,No,0.0,No,No,No,390.0,Drop-off,None,No,No,Yes,Yes,No,No,Yes,No,No,0.0,No,No,No,No,0.22496920640506776,0.0
Woburn,Yes,No,No,No,No,0.0,0.0,0.0,No,Both,Both,Neither,Neither,Curbside,No,Yes,Yes,52.0,0.0,No,0.0,No,No,No,11240.0,Curbside,Bi-weekly,Yes,No,No,No,No,No,No,No,No,0.0,No,No,No,No,0.13417666263611214,1.0
Worcester,Yes,No,No,No,Yes,0.0,0.0,0.0,Yes,Both,Neither,Recycling,Neither,Curbside,No,No,Yes,0.0,68.97,No,0.0,No,No,No,67000.0,Both,Weekly,Yes,No,Yes,Yes,No,No,Yes,Yes,Yes,40.0,No,No,No,No,0.27096620359654555,1.0
Worthington,No,Yes,No,No,Yes,45.0,0.0,0.0,Yes,Both,Both,Both,Neither,Drop-off,No,No,Yes,0.0,88.0,No,0.0,No,No,No,362.0,Drop-off,None,No,No,Yes,Yes,Yes,Yes,Yes,No,No,0.0,No,No,No,No,0.2564865171085429,0.0
Wrentham,Yes,No,No,No,No,0.0,0.0,0.0,Yes,Both,Both,Neither,Neither,Curbside,Yes,No,No,12.0,73.0,No,0.0,No,No,No,4048.0,Curbside,Bi-weekly,Yes,Yes,Yes,Yes,No,No,Yes,Yes,No,0.0,No,No,No,No,0.2927813100152125,1.0
Yarmouth,No,Yes,No,Yes,No,162.0,0.0,15.0,No,Both,Neither,Neither,Neither,Drop-off,No,No,Yes,0.0,78.27,No,0.0,No,No,No,10143.0,Drop-off,None,Yes,No,No,No,No,No,No,No,No,0.0,No,No,No,No,0.11599552564609936,0.0
